deaths,injured,missing,houses_destroyed,houses_damaged,directly_affected,indirectly_affected,relocated,evacuated,losses_in_dollar,losses_local_currency,education_centers,hospitals,damages_in_crops_ha,lost_cattle,damages_in_roads_mts,serial,level0,level1,level2,approved,latitude,longitude,uuid,name0,name1,name2,event,location,date
0,0,0,0,0,0,0,0,0,0,0,0,0,0.0,0,0,139,VCT,VCT01,VCT0113,0,13.38427568,-61.16363525,a01f68b5-3e49-4926-a210-db0ddb1e94a4,Saint Vincent & the Grenadines,St. Vincent,North Windward,LANDSLIDE,Fancy,1/8/2011
0,0,0,0,2,0,0,0,0,0,0,0,0,0.0,0,0,404,VCT,VCT24,,0,13.00188159,-61.24328613,28877d0d-e594-4b73-9008-a7af1c1557b1,Saint Vincent & the Grenadines,Bequia,,LANDSLIDE,Near airport & Port Elizabeth,5/12/2005
0,0,0,0,0,0,0,0,0,0,0,0,0,0.0,0,0,376,VCT,,,0,0.0,0.0,2703e8e0-468e-4b65-afff-b7b14a297cba,Saint Vincent & the Grenadines,,,HURRICANE,National - Hurricane,0/0/1780
0,37,3,61,601,16885,54000,0,2325,122759000,300000000,5,1,69.0,434,31000,1,VCT,VCT01,,0,0.0,0.0,8eabd990-afea-48fa-afa0-a3d939bca241,Saint Vincent & the Grenadines,St. Vincent,,FLASH FLOOD,National - Christmas Trough,24/12/2013
1,0,0,0,0,0,0,0,0,0,0,0,0,0.0,0,0,2,VCT,VCT01,VCT0108,0,0.0,0.0,24add50b-4f46-483c-8526-930698c092c9,Saint Vincent & the Grenadines,St. Vincent,South Leeward,FLASH FLOOD,"Vermont, Clare Valley,Francois, Retreat, Hog Hole, Cane Grov",24/12/2013
5,0,0,0,0,0,0,0,0,0,0,0,1,0.0,0,0,3,VCT,VCT01,VCT0112,0,0.0,0.0,18fd911d-6d9e-45c1-8acd-be20360eb5dc,Saint Vincent & the Grenadines,St. Vincent,North Leeward,FLASH FLOOD,"Troumaca, Spring Village, Rose Bank, Dark View, Chateaubelai",24/12/2013
1,0,0,0,0,0,2614,0,0,0,0,0,0,0.0,0,0,4,VCT,VCT01,VCT0109,0,13.25242187,-61.12472535,8185600d-8072-4b54-9e68-5a6f7c6aae52,Saint Vincent & the Grenadines,St. Vincent,South Central Windward,FLASH FLOOD,"Charlotte, South Rivers, Byera",24/12/2013
0,0,0,0,0,0,0,0,0,0,0,0,1,0.0,0,0,5,VCT,VCT01,VCT0105,0,13.13832845,-61.19110107,4e46d9d8-7952-4b40-b34a-123a6a92a028,Saint Vincent & the Grenadines,St. Vincent,West St. George,FLASH FLOOD,ETJ Airport,24/12/2013
2,0,0,0,0,0,0,0,0,0,0,0,0,0.0,0,0,6,VCT,VCT01,VCT0110,0,13.23482109,-61.26502992,c2656129-e189-47d2-8405-99702301f9a7,Saint Vincent & the Grenadines,St. Vincent,Central Leeward,FLASH FLOOD,"Barrouallie, Delway, Buccament, Layou, Hermitage",24/12/2013
0,2,0,0,0,125,0,0,0,0,0,0,0,0.0,0,0,70,VCT,VCT01,,0,0.0,0.0,3bdd0bd9-1894-4a16-89eb-9981bf605082,Saint Vincent & the Grenadines,St. Vincent,,BIOLOGICAL,National - Dengue >100 cases,0/0/2002
0,0,0,0,0,0,0,0,0,0,0,0,0,0.0,0,0,44,VCT,VCT01,,0,0.0,0.0,e1dfb044-a764-4aec-b1e1-154ef53658da,Saint Vincent & the Grenadines,St. Vincent,,BIOLOGICAL,Banana fields - Sigatoka,0/0/2009
0,0,0,0,0,0,0,0,0,0,0,0,0,0.81,0,0,46,VCT,VCT01,,0,0.0,0.0,789aa4f7-daa7-48c9-af86-5aa8f0fe6517,Saint Vincent & the Grenadines,St. Vincent,,DROUGHT,National - Drought,0/10/2009
0,0,0,0,0,0,0,0,0,0,0,0,0,0.0,0,0,48,VCT,VCT01,,0,13.19983855,-61.17736816,e5daa283-0b2e-4612-a92a-f3903019a4f1,Saint Vincent & the Grenadines,St. Vincent,,DROUGHT,"Belmont, Buccament Bay, Kingstown, Calliaqua, Ratho-Mill",0/3/2014
0,0,0,0,0,0,0,0,0,0,0,0,0,0.0,0,0,49,VCT,VCT01,,0,11.79207998,-61.86401367,4e48ef86-b75c-44ec-bfb4-8412972677cf,Saint Vincent & the Grenadines,St. Vincent,,EARTHQUAKE,11.74N 61.86 W 80KM depth,28/11/1986
0,0,0,0,0,0,0,0,0,0,0,0,0,0.0,0,0,183,VCT,VCT01,,0,13.3415201596601,-61.1746215820313,7d813de5-d74f-45be-a174-bf70b72af25f,Saint Vincent & the Grenadines,St. Vincent,,ERUPTION,Soufriere eruption,0/0/1718
0,5,0,147,436,0,0,0,142,8000000,21000000,0,0,830.0,120,0,50,VCT,VCT01,,0,0.0,0.0,451a02f3-2b9e-4c27-b912-99c24807c755,Saint Vincent & the Grenadines,St. Vincent,,STORM,National- TS Danielle,8/9/1986
0,0,0,100,0,0,0,0,0,0,0,0,0,0.0,120,0,51,VCT,VCT01,,0,13.15838779,-61.2020874,a94effef-d9bd-4004-9e9e-25f28ad9cfe3,Saint Vincent & the Grenadines,St. Vincent,,FLOOD,"Kingstown, ",20/9/1986
0,5,0,53,0,0,0,0,142,0,0,3,0,0.0,0,0,52,VCT,VCT01,VCT0112,0,13.33617519,-61.20140076,3897e799-0cc8-4f91-b91f-c93abe4243e9,Saint Vincent & the Grenadines,St. Vincent,North Leeward,FLOOD,"Fitz Hughs, Chateaubelair, Sharpes, Richmond",20/9/1986
0,0,0,0,0,0,0,0,0,0,0,0,0,0.0,0,0,256,VCT,VCT26,,0,12.6054957648721,-61.4437866210938,4e83c1ff-8ef4-40f2-af11-be36108a2687,Saint Vincent & the Grenadines,Union Island,,FLOOD,"Union Isl. airport, Clifton",20/11/1991
0,0,0,0,0,190,0,0,0,0,0,0,0,0.0,0,0,73,VCT,VCT01,,0,0.0,0.0,6fb1d27d-d5f2-4f27-9368-17d288c865a5,Saint Vincent & the Grenadines,St. Vincent,,BIOLOGICAL,National - Dengue >100,0/0/1996
0,0,0,0,0,0,97000,0,20000,100000000,0,0,0,0.0,0,0,9,VCT,VCT01,,0,13.33884769,-61.17462158,fee04d08-c1ee-4e63-bd50-48d7ace79c39,Saint Vincent & the Grenadines,St. Vincent,,ERUPTION,National - Soufriere Eruption,13/4/1979
2,0,0,0,0,0,2000,0,0,4500000,0,0,0,0.0,0,0,10,VCT,VCT01,,0,13.35354592,-61.17599487,4755d0b2-fdc5-478f-aa99-a28d4708eb4a,Saint Vincent & the Grenadines,St. Vincent,,ERUPTION,North St. Vincent. Soufriere volcano,17/10/1971
0,0,0,0,0,0,0,0,0,0,0,0,0,0.0,0,0,11,VCT,VCT01,,0,14.37438147,-60.78369163,d95cdd15-982e-43ce-8b70-86a00f898a65,Saint Vincent & the Grenadines,St. Vincent,,EARTHQUAKE,National - Earthquake,19/3/1953
0,0,0,9,0,200,0,0,0,5000000,0,0,0,0.0,0,0,23,VCT,VCT01,,0,13.15972502,-61.22406006,accdaae0-4c92-497f-91fc-53d5c36ef2c7,Saint Vincent & the Grenadines,St. Vincent,,THUNDERSTORM,National- Thunderstorm,23/11/1992
1565,0,0,0,0,0,0,0,0,200000000,0,0,0,0.0,0,0,12,VCT,VCT01,,0,13.36111738,-61.16821295,6ed3c1bc-09aa-4295-9978-1a51897e8d71,Saint Vincent & the Grenadines,St. Vincent,,ERUPTION,North St. Vincent - Soufriere volcano,7/5/1902
0,0,0,0,0,0,0,0,0,0,0,0,0,0.0,0,0,13,VCT,VCT01,,0,0.0,0.0,bbece64a-7cc2-47d3-acce-86c7aaeea823,Saint Vincent & the Grenadines,St. Vincent,,EARTHQUAKE,General Description,30/8/1844
56,0,0,0,0,0,0,0,0,0,0,0,0,0.0,0,0,14,VCT,VCT01,VCT0112,0,13.35220975,-61.171875,1b69abab-b8db-4320-a702-a3face3b445f,Saint Vincent & the Grenadines,St. Vincent,North Leeward,ERUPTION,North St. Vincent. Soufriere volcano,27/4/1812
0,0,0,0,0,0,0,0,0,0,0,0,0,0.0,0,0,188,VCT,VCT01,VCT0110,0,13.2379403087236,-61.2645721435547,77f16871-041d-450e-8ead-8730bd4e1cc9,Saint Vincent & the Grenadines,St. Vincent,Central Leeward,HURRICANE,Barrouaille,0/0/1788
0,0,0,0,0,0,0,0,0,0,0,0,0,0.0,0,0,16,VCT,,,0,0.0,0.0,e76fd196-9baf-4f68-bbfe-92f262697dfb,Saint Vincent & the Grenadines,,,HURRICANE,National - Hurricane Janet,23/9/1955
2,0,0,0,0,0,0,0,0,0,0,0,0,0.0,0,0,17,VCT,VCT01,,0,0.0,0.0,81e8f457-3b54-4a6f-b364-f101f828c0c6,Saint Vincent & the Grenadines,St. Vincent,,HURRICANE,National H. Beulah,8/9/1957
0,0,0,0,0,0,0,0,0,0,0,0,0,0.0,0,0,18,VCT,VCT01,,4,0.0,0.0,929f0f76-1e76-4cb1-8a87-4a5c18afae17,Saint Vincent & the Grenadines,St. Vincent,,FLOOD,General,18/10/1977
0,0,0,59,0,0,20500,0,0,0,0,0,0,0.0,0,0,19,VCT,VCT01,,0,0.0,0.0,6c68aec7-2f97-4775-81a8-a06a5586c928,Saint Vincent & the Grenadines,St. Vincent,,HURRICANE,National - H. Allan,3/8/1980
0,1,0,0,30,152,0,0,0,16300000,0,0,0,0.0,0,0,20,VCT,VCT01,VCT0112,0,0.0,0.0,430c8122-a75f-4831-8c60-689be560ebd1,Saint Vincent & the Grenadines,St. Vincent,North Leeward,STORM,Richmond HEP Station,8/9/1986
0,0,0,36,238,208,0,0,680,5206250,12700000,0,0,1548.0,0,0,21,VCT,VCT01,,0,0.0,0.0,34962b68-3460-45c4-99cf-cbfdb6f17f8c,Saint Vincent & the Grenadines,St. Vincent,,STORM,National- TS Emily,21/9/1987
0,0,0,11,5,100,0,0,0,12612000,33121000,0,0,0.0,0,0,24,VCT,,,0,13.2599965,-61.19384766,00355e80-8237-4714-b11c-e8e9618f69c4,Saint Vincent & the Grenadines,,,COASTAL EROSION,National - H. Lenny,15/11/1999
0,4,0,24,640,178,10000,0,500,15100000,0,5,0,0.0,0,0,25,VCT,,,0,0.0,0.0,b5b46714-0579-4472-ae3b-27daa641a78c,Saint Vincent & the Grenadines,,,STORM,National - TS Lili,23/9/2002
0,4,0,0,0,1004,0,0,333,41118000,109738000,0,0,0.0,0,0,26,VCT,VCT01,,0,0.0,0.0,cdffacdc-d353-4219-954c-1f0ecb8c0109,Saint Vincent & the Grenadines,St. Vincent,,HURRICANE,National - H. Ivan,8/9/2004
0,2,0,0,0,6100,32000,0,1200,50000000,133000000,0,0,2482.0,4553,0,27,VCT,VCT01,,0,0.0,0.0,59c1948b-1125-4eca-8ad4-28950c13e3e5,Saint Vincent & the Grenadines,St. Vincent,,HURRICANE,National - H. Tomas,29/10/2010
0,0,0,18,310,0,20000,0,0,37500000,100000000,0,0,0.0,0,0,28,VCT,VCT01,VCT0111,0,13.29073815,-61.12014772,4ddc8215-2aa4-4764-9722-db9d5fdca9b6,Saint Vincent & the Grenadines,St. Vincent,North Central Windward,FLOOD,"Georgetown, Chester Cottage, Dickson, Congo Valley",10/4/2011
0,0,0,0,7,0,0,0,0,0,0,0,0,0.0,0,0,29,VCT,VCT27,,0,12.72251213,-61.31835949,d042746c-2a51-4d1f-b634-6f4bede336eb,Saint Vincent & the Grenadines,Canouan,,HURRICANE,Canouan - H. Emily,14/7/2005
0,0,0,4,75,0,0,0,0,0,0,0,0,0.0,0,0,31,VCT,VCT01,,0,13.20474087,-61.13594057,23df8b93-feac-4f09-8c28-f79144fda7c0,Saint Vincent & the Grenadines,St. Vincent,,LANDSLIDE,"Windward highway, Biabou, Byera, Georgetown",10/4/2011
0,0,0,58,556,101,0,0,0,0,0,0,0,1404.0,0,0,32,VCT,VCT01,VCT0113,0,13.32058501,-61.1357117,473ecbda-3630-49a5-9b0d-613151030fea,Saint Vincent & the Grenadines,St. Vincent,North Windward,HURRICANE,"Sandy Bay, Diamonds, Retreat, Dickson, Point Village",29/10/2010
0,0,0,2,73,0,0,0,0,0,0,0,0,0.0,0,0,33,VCT,VCT01,VCT0110,0,13.18379393,-61.25427246,d7076eae-249e-409f-8e9a-61286a3add98,Saint Vincent & the Grenadines,St. Vincent,Central Leeward,HURRICANE,"Layou, Barroualle,Glebe Hill, Keartons, Pembroke, Hermitage",29/10/2010
0,4,0,0,0,193,0,0,0,0,0,0,0,0.0,0,0,74,VCT,VCT01,,0,0.0,0.0,bacf9d69-c562-4b84-b7b8-0e5f36be4bfb,Saint Vincent & the Grenadines,St. Vincent,,BIOLOGICAL,National- Dengue >100 cases,0/0/2012
0,0,0,1,8,0,0,0,0,0,0,0,0,0.0,0,0,114,VCT,VCT01,VCT0104,4,13.1530388,-61.21307373,5dd92adf-ff52-454b-adf5-bff218564102,Saint Vincent & the Grenadines,St. Vincent,Central Kingstown,LANDSLIDE,"Lowman, Richland Pk, New Prospect/Simon, Shapes, Spring Est.",3/4/2007
5,0,0,0,0,7,0,0,0,0,0,0,0,0.0,0,0,61,VCT,VCT01,VCT0107,0,13.20251256,-61.16569519,76f17dce-c71e-4c55-a5e3-95cd88b23ded,Saint Vincent & the Grenadines,St. Vincent,Marriaqua,FLOOD,Marriaqua ,17/9/1999
0,0,0,0,0,0,0,0,0,632400,1700000,0,0,0.0,0,0,62,VCT,VCT01,,0,0.0,0.0,72ed742b-e396-4a43-a0d5-e4ce2ea3811a,Saint Vincent & the Grenadines,St. Vincent,,BIOLOGICAL,National - Fish kill,17/9/1999
0,0,0,0,0,0,0,0,0,0,0,0,0,0.0,0,0,64,VCT,VCT01,VCT0104,0,13.15838779,-61.22543335,f4cf55fb-d6db-4653-b63b-ce5fed0ceceb,Saint Vincent & the Grenadines,St. Vincent,Central Kingstown,FLOOD,"Kingstown city, Heritage Square",4/8/2004
0,0,0,0,0,0,0,0,0,0,0,0,0,0.0,0,0,306,VCT,,,0,0.0,0.0,331ee95c-2751-436d-b1d0-fa5b4505a967,Saint Vincent & the Grenadines,,,OTHER,National - Dry Spell,0/4/1998
0,0,0,0,0,0,0,0,0,51000,137000,0,0,0.0,0,0,65,VCT,,,0,0.0,0.0,6225e2f0-d6ae-46de-9baf-b85ea774afd2,Saint Vincent & the Grenadines,,,RAINS,National - TD#3,4/8/2004
0,0,0,1,14,0,0,0,0,128000,342000,0,0,0.0,0,0,66,VCT,VCT01,,0,0.0,0.0,6703a6d2-16c0-4782-804b-34fce295fa66,Saint Vincent & the Grenadines,St. Vincent,,STORM,National- TS Earl,15/8/2004
0,0,0,0,0,329,0,0,0,0,0,0,0,0.0,0,0,69,VCT,,,4,0.0,0.0,50b97862-2d47-4277-91f0-83daf9575d02,Saint Vincent & the Grenadines,,,BIOLOGICAL,National - Chikungunya,29/8/2014
0,0,0,0,0,0,0,0,0,0,0,0,0,0.0,0,0,34,VCT,VCT01,,0,0.0,0.0,a458b554-f606-46ad-973c-fcd3ebc4d7eb,Saint Vincent & the Grenadines,St. Vincent,,EARTHQUAKE,,17/7/1902
0,0,0,0,0,0,0,0,0,0,0,0,0,0.0,0,0,35,VCT,VCT01,,4,0.0,0.0,2e496742-06eb-4f76-812d-a570e964f4bf,Saint Vincent & the Grenadines,St. Vincent,,EARTHQUAKE,,17/9/1906
0,0,0,0,0,0,0,0,0,0,0,0,0,0.0,0,0,36,VCT,VCT01,,0,0.0,0.0,048fde3f-26c8-46f0-9de5-aa2dbaf65e8c,Saint Vincent & the Grenadines,St. Vincent,,EARTHQUAKE,,17/9/1928
0,0,0,0,0,0,0,0,0,0,0,0,0,0.0,0,0,37,VCT,VCT01,,4,0.0,0.0,617ec944-0bec-40c0-b15c-98979289e0ac,Saint Vincent & the Grenadines,St. Vincent,,EARTHQUAKE,,21/5/1946
0,1,0,0,0,133,0,0,0,0,0,0,0,0.0,0,0,75,VCT,VCT01,,0,0.0,0.0,4f3e1652-dbd1-438f-982f-15752bdf8925,Saint Vincent & the Grenadines,St. Vincent,,BIOLOGICAL,National Dengue >100 cases,0/0/2010
0,2,0,0,4,20,0,0,0,0,0,1,0,0.0,0,0,38,VCT,VCT01,VCT0108,0,0.0,0.0,0daef938-d68f-4225-9407-11f98036539c,Saint Vincent & the Grenadines,St. Vincent,South Leeward,FLOOD,"Buccament Bay, Rose Place, Kingstown, Trigger Ridge",6/9/2014
0,0,0,0,0,0,0,0,0,0,0,0,0,0.0,0,0,40,VCT,VCT01,,0,0.0,0.0,6b2879f7-bcec-405b-8162-1c84b3684945,Saint Vincent & the Grenadines,St. Vincent,,BIOLOGICAL,National -Pink Mealy Bug,0/5/1997
0,0,0,0,21,0,0,0,0,0,0,0,0,0.0,0,0,41,VCT,VCT26,,0,0.0,0.0,28a03949-15f9-4dc3-aee6-788f726ece94,Saint Vincent & the Grenadines,Union Island,,HURRICANE,Union - H. Emily,14/7/2005
0,0,0,18,505,544,0,0,0,3745000,10000000,0,0,0.0,0,0,42,VCT,VCT01,,0,0.0,0.0,d025bb0c-fd26-44ba-8152-813f8cd8dc0d,Saint Vincent & the Grenadines,St. Vincent,,HURRICANE,National - H. Emily,14/7/2005
0,0,0,0,0,0,0,0,0,0,0,0,0,0.0,0,0,177,VCT,VCT01,VCT0111,0,13.2533130143083,-61.1365127563477,d514baed-a305-4ff2-a4a5-bf46522d61a7,Saint Vincent & the Grenadines,St. Vincent,North Central Windward,FLOOD,South Rivers,7/10/1980
0,0,0,0,0,3,0,0,0,0,0,0,0,0.0,0,0,178,VCT,VCT01,VCT0105,4,13.14100313,-61.19384766,92dab1d9-a447-4724-afe6-5b237e63dad7,Saint Vincent & the Grenadines,St. Vincent,West St. George,ACCIDENT,Arnos Vale Airport,6/4/1979
0,0,0,0,600,0,0,0,0,0,0,0,0,0.0,0,0,179,VCT,VCT01,VCT0113,0,13.30944855,-61.13342285,73a123af-76e1-4044-b0c0-f6f58ca9abaa,Saint Vincent & the Grenadines,St. Vincent,North Windward,ERUPTION,"Sandy Bay, Georgetown, Owai, Fancy, Rabacca, Overland, Orang",13/4/1979
0,0,0,0,0,0,0,0,0,0,0,0,0,0.0,0,0,181,VCT,VCT01,VCT0112,0,13.32281224,-61.21444702,9ab2542c-86f8-4015-b202-cf2dac0f9b8f,Saint Vincent & the Grenadines,St. Vincent,North Leeward,ERUPTION,"Richmond, Willibou, Troumaka, Belmont, Rose Hall, Coulls Hil",13/4/1979
0,4,0,0,0,127,0,0,0,0,0,0,0,0.0,0,0,77,VCT,VCT01,,0,0.0,0.0,2cd47eb7-e22d-4b85-8faf-001f8d5902e5,Saint Vincent & the Grenadines,St. Vincent,,BIOLOGICAL,National - Dengue,0/0/2013
0,0,0,0,0,0,0,0,0,0,0,0,0,0.0,0,0,272,VCT,VCT01,VCT0111,0,13.2359351,-61.13342285,b2132e9d-b456-4fb6-9d2e-3d9f54450005,Saint Vincent & the Grenadines,St. Vincent,North Central Windward,ERUPTION,"Colonaire, Park Hill, and South Rivers",13/4/1979
0,0,0,0,0,0,0,0,0,0,0,0,0,0.0,0,0,53,VCT,VCT01,VCT0109,0,13.2359351,-61.13479614,d87f23b7-b309-47b5-8ecf-d157550facb9,Saint Vincent & the Grenadines,St. Vincent,South Central Windward,FLOOD,"Diamonds,  Lowmans WD, Mt. Grennan",26/9/1986
0,0,0,0,0,0,0,0,0,0,0,0,0,0.0,0,0,54,VCT,VCT01,,0,13.2720263,-61.12792969,2a8581d9-621d-4d54-94b3-e83efce9079d,Saint Vincent & the Grenadines,St. Vincent,,COASTAL EROSION,East Coast - Sea surge,4/9/1989
0,0,0,0,0,0,0,0,0,444000,1200000,0,0,0.0,0,0,56,VCT,VCT01,VCT0104,0,13.15571331,-61.21170044,90caded0-59c9-403f-8327-ba62cb99f148,Saint Vincent & the Grenadines,St. Vincent,Central Kingstown,FLASH FLOOD,"North River, S. River Road, Rose Place, Bay Street",23/11/1992
0,0,0,0,0,0,0,0,178,0,0,0,0,0.0,0,0,57,VCT,VCT01,VCT0113,0,13.34152016,-61.13067627,71804e9f-ef1c-4a06-81a6-6502abf145b4,Saint Vincent & the Grenadines,St. Vincent,North Windward,STORM,"Sandy Bay, Owai, Langley Park",23/9/2002
1,0,0,0,5,0,1000,0,0,0,0,0,0,0.0,0,0,58,VCT,VCT01,VCT0102,0,13.14367777,-61.17599487,6185923e-7e2e-4837-945c-22f40ea945fa,Saint Vincent & the Grenadines,St. Vincent,East St. George,LANDSLIDE,"Ratho Mill, Lowmans, Calliaqua, Prospect, Glamorgan",18/9/2008
0,0,0,0,11,0,0,0,0,0,0,0,0,0.0,0,0,59,VCT,VCT01,VCT0108,0,13.18111972,-61.24465942,95962eb4-0f31-4a81-9009-5a731a5e4788,Saint Vincent & the Grenadines,St. Vincent,South Leeward,LANDSLIDE,"Ottley Hall, Campden Park, Great House, Mt. St. Andrew",18/9/2008
0,0,0,1,4,0,0,0,0,0,0,0,0,0.0,0,0,60,VCT,VCT01,,0,13.25331301,-61.12930298,57aeb7f7-db0d-4bd0-8309-1205aa8b28a4,Saint Vincent & the Grenadines,St. Vincent,,FLOOD,Windward Parishes,18/9/2008
0,0,0,0,0,152,0,0,0,0,0,0,0,0.0,0,0,79,VCT,VCT01,VCT0111,0,13.25464973,-61.15127563,19a08286-05b0-4ae4-b6d4-462adfa32e6a,Saint Vincent & the Grenadines,St. Vincent,North Central Windward,STORM,South Rivers HEP Station,8/9/1986
0,0,0,0,2,0,0,0,0,0,0,0,0,0.0,0,0,388,VCT,VCT01,VCT0107,0,13.22122975,-61.18148804,eee3e763-0400-4945-814d-7f38f761c8e0,Saint Vincent & the Grenadines,St. Vincent,Marriaqua,LANDSLIDE,"Mt. Pleasant, Yambou, La Croix, Collins and Lauders",18/8/2008
0,0,0,0,2,0,0,0,0,0,0,0,0,0.0,0,0,109,VCT,VCT01,VCT0104,0,13.15972502,-61.21582031,4da4260c-28fb-4c42-bec5-bbb51bdcb62f,Saint Vincent & the Grenadines,St. Vincent,Central Kingstown,LANDSLIDE,"Rocks, Sharpe, and Lowmans, WD",4/10/2010
0,0,7,0,0,0,0,0,0,0,0,0,0,0.0,0,0,80,VCT,VCT01,VCT0104,0,13.15972502,-61.21994019,81b9561e-d4d6-462f-b26f-99c0feaa4970,Saint Vincent & the Grenadines,St. Vincent,Central Kingstown,OTHER,Off SVG ship missing,23/9/2002
0,0,0,0,0,0,0,0,0,0,0,0,0,0.0,0,0,83,VCT,VCT01,,0,13.24529259,-61.15539551,8a588360-1a95-4f71-a9f9-b29c93db77f7,Saint Vincent & the Grenadines,St. Vincent,,LANDSLIDE,"National, incl. Biabou, Prospect",17/11/2004
0,0,0,0,51,0,0,0,0,0,0,0,0,0.0,0,0,102,VCT,VCT01,VCT0102,0,13.14033446,-61.171875,faca5065-0f02-45a8-99e6-30b99120a0c9,Saint Vincent & the Grenadines,St. Vincent,East St. George,HURRICANE,,8/9/2004
2,0,0,2,12,0,0,0,0,213200,566000,0,0,0.0,0,0,84,VCT,VCT24,,0,13.00455775,-61.25427246,15f21341-4d18-4f94-b66c-02d8a69ebd1e,Saint Vincent & the Grenadines,Bequia,,LANDSLIDE,Rocky Bay - TD#27,13/11/2005
0,0,0,1,0,0,0,0,0,0,0,0,0,0.0,0,0,85,VCT,VCT01,VCT0103,0,13.16507387,-61.2336731,192ce6a7-5786-4785-868f-72202908ba59,Saint Vincent & the Grenadines,St. Vincent,West Kingstown,LANDSLIDE,Edinboro - TD#27,13/11/2005
0,1,0,0,0,0,0,0,0,0,0,0,0,0.0,0,0,224,VCT,VCT01,VCT0104,0,13.14768968,-61.20620728,2604364a-4236-4c56-98bf-d9718b13b0bd,Saint Vincent & the Grenadines,St. Vincent,Central Kingstown,STORM,"Monkey Hill, Roseau, Frenches, Bottom Town, Victoria Pk",8/9/1986
0,0,0,0,0,0,0,0,0,0,0,0,0,0.0,0,0,225,VCT,VCT01,VCT0109,0,13.21588212,-61.1416626,e23fb3df-2bd2-4add-80b7-8dfaf78fcc07,Saint Vincent & the Grenadines,St. Vincent,South Central Windward,STORM,"Lomans, Diamonds, Mt. Grennan, ",8/9/1986
0,0,0,0,0,0,0,0,0,0,0,0,0,0.0,0,0,226,VCT,VCT01,VCT0107,0,13.21855595,-61.19247437,3e73895c-b2f7-4b1c-94c9-a7b9e336e0c5,Saint Vincent & the Grenadines,St. Vincent,Marriaqua,STORM,"Marriaqua & Mesopotamia Valleys, Carriere, Greiggs, Eversham",8/9/1986
0,0,0,0,0,0,0,0,0,0,0,0,0,0.0,0,0,227,VCT,VCT01,VCT0102,0,13.15705055,-61.18011475,5a7b2327-28d9-4767-bcd3-cef210b1d9b6,Saint Vincent & the Grenadines,St. Vincent,East St. George,STORM,Belair,8/9/1986
0,0,0,0,0,0,0,0,0,0,0,0,0,0.0,0,0,228,VCT,VCT24,,0,13.0099099639065,-61.2405395507813,a7c3704e-1dbb-4392-a938-649c62001202,Saint Vincent & the Grenadines,Bequia,,STORM,Bequia,8/9/1986
0,0,0,0,0,0,0,0,0,0,0,0,0,0.0,0,0,300,VCT,VCT01,VCT0111,4,13.25531808,-61.12037659,688f790a-82a2-4785-866f-a6dfcd4723c4,Saint Vincent & the Grenadines,St. Vincent,North Central Windward,LANDSLIDE,Byera tunnel,29/9/1996
0,0,0,0,0,0,0,0,0,0,0,0,0,0.0,0,0,301,VCT,VCT01,VCT0107,4,13.22189819,-61.17462158,74c3738c-829a-4a28-9d39-695e5cad5bb0,Saint Vincent & the Grenadines,St. Vincent,Marriaqua,LANDSLIDE,"La Croix, Mesopotamia to Fountain",4/11/1996
6,0,0,0,0,0,0,0,0,0,0,0,0,0.0,0,0,302,VCT,VCT01,VCT0105,4,13.14501508,-61.21032715,18302f61-db4d-4e1c-901a-e803625bd2e7,Saint Vincent & the Grenadines,St. Vincent,West St. George,ACCIDENT,"ETJ Airport, Arnos Vale",30/4/1997
0,10,0,0,0,0,0,0,0,0,0,0,0,0.0,0,0,303,VCT,VCT01,VCT0109,4,13.21120286,-61.13754272,04ca08b0-c7d3-435a-8517-36b535c73f51,Saint Vincent & the Grenadines,St. Vincent,South Central Windward,ACCIDENT,Mt. Grennan,7/7/1997
1,0,0,0,0,4,0,0,0,0,0,0,0,0.0,0,0,305,VCT,VCT01,VCT0107,4,13.21120286,-61.15745544,4723a20c-d96c-4640-bba9-b51ac24697e4,Saint Vincent & the Grenadines,St. Vincent,Marriaqua,FLASH FLOOD,Sayers River,1/9/1998
0,0,0,0,6,0,0,0,0,0,0,2,0,0.0,0,0,155,VCT,VCT01,VCT0106,0,13.20251256,-61.14440918,d8b25a76-629e-47c1-b029-3534817316e3,Saint Vincent & the Grenadines,St. Vincent,South Windward,LANDSLIDE,"Adelphi, Carapan, Simon, Spring, Calder Vllge, Mt. Pleasant",1/8/2011
0,0,0,0,2,0,0,0,0,0,0,0,0,0.0,0,0,156,VCT,VCT01,VCT0109,0,13.25598643,-61.13616943,b9f9ab78-0948-4b3a-b98e-cb21656c3d85,Saint Vincent & the Grenadines,St. Vincent,South Central Windward,LANDSLIDE,"Diamonds, Lowmans WD",1/8/2011
0,0,0,1,1,0,0,0,0,0,0,0,0,0.0,0,0,157,VCT,VCT01,VCT0110,0,13.23459829,-61.26525879,5b066d2c-b7ac-4a11-948a-c3adce93f480,Saint Vincent & the Grenadines,St. Vincent,Central Leeward,LANDSLIDE,"Barrouaille, Buccament",1/8/2011
0,0,0,0,0,0,0,0,0,0,0,0,0,0.0,0,0,158,VCT,VCT01,VCT0112,0,13.28806511,-61.23916626,8e7178fb-63c4-4d92-a416-ce7b7ef1204a,Saint Vincent & the Grenadines,St. Vincent,North Leeward,LANDSLIDE,Rose Bank,1/8/2011
0,0,0,0,0,7,0,0,0,0,34800,0,0,0.0,0,0,159,VCT,VCT01,VCT0110,4,13.2399455,-61.26800537,acccfde9-bf7d-45ee-b465-ead8dffb3871,Saint Vincent & the Grenadines,St. Vincent,Central Leeward,OTHER,Barrouallie,20/12/2012
0,0,0,4,0,13,0,0,0,0,0,0,0,0.0,0,0,160,VCT,VCT01,VCT0105,0,13.14367777,-61.17599487,f681f00f-0e52-42f8-a25d-e2659f98b3b4,Saint Vincent & the Grenadines,St. Vincent,West St. George,LANDSLIDE,Dauphine landslide,3/12/2003
2,0,0,0,0,0,0,0,0,0,0,0,0,0.0,0,0,161,VCT,VCT01,VCT0104,4,13.15838779,-61.22543335,f22f1b03-6af1-435e-8d69-87a23ba2bb18,Saint Vincent & the Grenadines,St. Vincent,Central Kingstown,OTHER,Riots of 1935,21/10/1935
0,1,0,0,0,3,0,0,0,0,0,0,1,0.0,0,0,86,VCT,VCT01,VCT0104,4,13.16373667,-61.22955322,37c2c8ef-8e18-49ee-82e3-49d5cc86d4b6,Saint Vincent & the Grenadines,St. Vincent,Central Kingstown,FLASH FLOOD,Kingstown,22/7/2005
0,0,0,5,20,0,0,0,0,0,2000000,0,0,0.0,0,0,87,VCT,VCT01,VCT0109,0,13.24261906,-61.12518311,252af534-e14d-4fdc-80a5-117365c0c73a,Saint Vincent & the Grenadines,St. Vincent,South Central Windward,COASTAL FLOOD,"Colonaire Gorse, Byera - H. Dean",15/8/2007
0,0,0,0,0,0,20000,0,0,0,5000000,0,0,0.0,0,0,88,VCT,,,0,0.0,0.0,4ee49ccd-bd14-4d00-83b9-c25da4f33a9e,Saint Vincent & the Grenadines,,,COASTAL FLOOD,National - TS. Omar,14/10/2008
4,1,0,0,0,0,0,0,0,0,0,0,0,0.0,0,0,89,VCT,VCT01,VCT0109,0,13.21053438,-61.13582611,cea2055f-d3e1-4d8a-bcf3-b5097db9bb0e,Saint Vincent & the Grenadines,St. Vincent,South Central Windward,LANDSLIDE,Mt. Grenan - TS Lili,23/9/2002
0,0,0,0,20,0,0,0,0,0,0,0,0,0.0,6,0,90,VCT,VCT01,VCT0110,0,13.22657725,-61.26251221,1b3dc1d1-2ec1-4176-91e7-58737dda8e8b,Saint Vincent & the Grenadines,St. Vincent,Central Leeward,HURRICANE,"Cumberland, Richmond, Penniston, Barrouallie",8/9/2004
0,0,0,51,44,0,0,0,0,0,0,0,0,0.0,0,0,91,VCT,VCT01,VCT0113,0,0.0,0.0,20a52426-5841-40ad-b863-4df2af5c1586,Saint Vincent & the Grenadines,St. Vincent,North Windward,HURRICANE,"Georgetown/Congo Valley, Langley Park, Brownstown",8/9/2004
0,0,0,1,7,0,0,0,0,0,0,0,0,0.0,0,0,92,VCT,VCT01,VCT0109,0,13.23192464,-61.14028931,7ada0c95-f3e8-4ef1-9348-fa68dcedd174,Saint Vincent & the Grenadines,St. Vincent,South Central Windward,HURRICANE,"Diamond/South Rivers, Colonarie, Gorse",8/9/2004
0,0,0,1,29,0,0,0,0,0,0,0,0,0.0,0,0,93,VCT,VCT01,VCT0107,0,13.16908543,-61.16569519,3d20741d-008e-4891-8463-e64a5698f72d,Saint Vincent & the Grenadines,St. Vincent,Marriaqua,HURRICANE,"Mesopotamia, Richland",8/9/2004
0,0,0,27,36,0,0,0,0,0,0,0,0,0.0,0,0,94,VCT,VCT01,VCT0111,0,13.2519763,-61.12930298,f3ec7097-7bf4-4bc6-9e8c-1be5095c925a,Saint Vincent & the Grenadines,St. Vincent,North Central Windward,HURRICANE,"Byera, Chapmans",8/9/2004
0,0,0,8,58,0,0,0,0,0,0,0,0,0.0,0,0,95,VCT,VCT01,VCT0112,0,13.35354592,-61.19934082,b4b52b2d-ab95-4193-8530-0385b3e93b8d,Saint Vincent & the Grenadines,St. Vincent,North Leeward,HURRICANE,"Rose Hall, Troumaka",8/9/2004
0,0,0,2,12,0,0,0,0,0,0,0,1,0.0,0,0,96,VCT,,,0,13.01526207,-61.2336731,5601da66-0da1-4904-bc63-eef22bb63a8d,Saint Vincent & the Grenadines,,,HURRICANE,"Grenadines North -H. Ivan, Bequia, Mustique",8/9/2004
0,0,0,1,18,0,0,0,0,0,0,0,1,0.0,0,0,98,VCT,VCT01,VCT0104,0,13.15237016,-61.21376038,ed2995da-614c-44b5-a134-f16c0e102687,Saint Vincent & the Grenadines,St. Vincent,Central Kingstown,HURRICANE,"MCM Hospital, Lodge Village",8/9/2004
0,0,0,1,54,0,0,0,0,0,0,0,0,0.0,0,0,99,VCT,VCT01,VCT0105,0,13.14501508,-61.19796753,1c44c5f5-a942-456c-b01a-b4a05036a8b8,Saint Vincent & the Grenadines,St. Vincent,West St. George,FLOOD,"Arnos Vale, ",8/9/2004
0,0,0,1,32,0,0,0,0,0,0,0,0,0.0,0,0,103,VCT,VCT01,VCT0101,0,13.14768968,-61.19384766,63fad16a-188b-461e-b867-89688e04ebd5,Saint Vincent & the Grenadines,St. Vincent,East Kingstown,HURRICANE,,8/9/2004
0,0,0,95,141,0,0,0,0,0,0,1,0,0.0,0,0,100,VCT,,,0,12.64033831,-61.38885498,fbcbeb0f-29fa-45b7-b0d1-8bbacabddd2c,Saint Vincent & the Grenadines,,,HURRICANE,"South Grenadines, Union Isl, Canouan, Palm Island- H. Ivan",8/9/2004
0,0,0,0,0,0,0,0,0,0,0,0,0,0.0,0,0,146,VCT,VCT01,VCT0111,0,13.25398137,-61.1265564,4521f613-37c1-4305-835b-67ae4c84bf6f,Saint Vincent & the Grenadines,St. Vincent,North Central Windward,FLASH FLOOD,"Byera, Caratel, Mt. Young, Belle Isle, Colonarie, Perseveren",24/12/2013
0,0,0,0,0,0,1401,0,0,0,0,0,1,0.0,0,0,148,VCT,VCT01,VCT0113,0,13.34152016,-61.13342285,1d04d999-1b5d-4ffa-96b5-769847b659d3,Saint Vincent & the Grenadines,St. Vincent,North Windward,FLASH FLOOD,"O, Brian's Valley, George Town and Spring Village",24/12/2013
0,0,0,0,0,0,0,0,0,37200,100000,0,0,0.0,0,0,149,VCT,VCT01,VCT0107,0,13.17911405,-61.171875,c010101d-f5fc-4cec-877e-66d540e3cc81,Saint Vincent & the Grenadines,St. Vincent,Marriaqua,FLOOD,"Belmont, Ginger Village, La Croix, Calder, Calder Ridge, ",1/9/2013
0,0,0,0,0,0,0,0,0,0,0,0,0,0.0,0,0,150,VCT,,,0,12.72876339,-61.33117676,95c2237e-bf65-4363-b089-daedecd20b64,Saint Vincent & the Grenadines,,,DROUGHT,N&S Grenadines - Drought,0/10/2009
0,0,0,0,9,0,0,0,0,0,0,0,0,0.0,0,0,151,VCT,VCT01,VCT0102,0,0.0,0.0,d94b4e6c-1b85-4870-b403-38aae24efbcd,Saint Vincent & the Grenadines,St. Vincent,East St. George,FLOOD,"Belmont, Belvedere, Calliaqua, Diamond, Enhams, Ratho Mills",1/8/2011
0,0,0,0,6,0,0,0,0,0,0,0,0,0.0,0,0,153,VCT,VCT01,VCT0103,0,13.15036425,-61.21307373,8a15c3d1-5b2e-4e10-9881-54a282fb5bba,Saint Vincent & the Grenadines,St. Vincent,West Kingstown,FLOOD,Edinboro,1/8/2011
0,0,0,0,5,0,0,0,0,0,0,0,0,0.0,0,0,154,VCT,VCT01,VCT0107,0,13.21187133,-61.18286133,05aee5be-369e-44d8-b178-e98698b4483f,Saint Vincent & the Grenadines,St. Vincent,Marriaqua,FLOOD,"Mesopotamia, Collins, Ginger Village,  Dumbarton, Richland P",1/8/2011
0,0,0,2,46,0,0,0,0,0,0,0,0,0.0,0,0,101,VCT,VCT01,VCT0106,0,13.16774826,-61.15951538,e722bb87-4154-419e-99ce-014d1254dd92,Saint Vincent & the Grenadines,St. Vincent,South Windward,HURRICANE,"Canaries, Argyle, Shipping Bay and Baibou",8/9/2004
0,0,0,2,42,0,0,0,0,0,0,0,0,0.0,0,0,104,VCT,VCT01,VCT0103,0,13.15571331,-61.22131348,41c1031b-39b9-4c95-9448-9c24c734882a,Saint Vincent & the Grenadines,St. Vincent,West Kingstown,HURRICANE,"Rose Place, Largo Heights",8/9/2004
0,0,0,1,16,0,0,0,0,0,0,0,0,0.0,0,0,105,VCT,VCT01,VCT0108,0,13.19983855,-61.25015259,8eaa4419-3bb5-48b8-aad1-9378f8baf3e1,Saint Vincent & the Grenadines,St. Vincent,South Leeward,FLOOD,,8/9/2004
0,0,0,0,0,0,0,0,0,0,0,0,0,0.0,0,0,106,VCT,VCT01,,0,0.0,0.0,497a5b8e-846d-4268-827d-b5ca78c130c0,Saint Vincent & the Grenadines,St. Vincent,,FLOOD,National  - Tropical Wave,1/8/2011
0,0,0,29,309,0,0,0,0,0,0,1,0,0.0,0,0,107,VCT,VCT01,VCT0112,0,13.31880321,-61.22955322,6097cd6c-25ec-4ca4-8ba1-6827c48ec0ac,Saint Vincent & the Grenadines,St. Vincent,North Leeward,HURRICANE,"Chateaubelair, Fitz Hughs, Belle Isle, Coulls & Maroon Hills",29/10/2010
0,0,0,0,0,0,0,0,0,0,0,0,0,0.0,0,0,108,VCT,VCT01,VCT0111,0,13.23860871,-61.13204956,c2e7b7ec-9e0c-4d47-bd3c-e6d5f4fce102,Saint Vincent & the Grenadines,St. Vincent,North Central Windward,LANDSLIDE,"Byera, Colonaire",4/10/2010
0,0,0,0,8,0,0,0,0,0,0,0,0,0.0,0,0,110,VCT,VCT01,VCT0104,0,13.18111972,-61.24740601,02a59586-308d-4fe9-bb8b-55f844ec1562,Saint Vincent & the Grenadines,St. Vincent,Central Kingstown,LANDSLIDE,"Redemption Sharpes, New Montrose, Cemetery Hill",18/9/2008
0,0,0,0,0,0,0,0,0,0,0,0,0,0.0,0,0,111,VCT,,,0,12.74751627,-61.32568359,85d9749b-f2dd-4a31-87b3-cb40529742db,Saint Vincent & the Grenadines,,,STORM,"S. Grenadines, Union Isl, Canouan, Mayreau, - TS Felix",31/8/2007
0,0,0,3,7,0,0,0,9,0,0,0,0,0.0,0,0,112,VCT,VCT01,VCT0113,0,13.35220975,-61.13342285,a037c11d-d613-48fc-8f48-44c9c5ae4a2a,Saint Vincent & the Grenadines,St. Vincent,North Windward,COASTAL FLOOD,"Sandy Bay, Owai, Fancy - H. Dean",15/8/2007
0,0,0,0,0,0,0,0,0,0,0,0,0,0.0,0,0,113,VCT,VCT24,,0,13.00990996,-61.25152588,b56d2272-11ec-4c07-a9ce-4a9f79f74b95,Saint Vincent & the Grenadines,Bequia,,FLOOD,Friendship -H. Dean,15/8/2007
0,0,0,0,0,0,0,0,2,0,0,0,0,0.0,0,0,115,VCT,VCT21,,0,12.95638259,-61.14028931,5a797736-cfe2-493a-a492-ae168633a91a,Saint Vincent & the Grenadines,Baliceaux,,OTHER,Fishermen rescued,29/10/2010
0,0,0,3,55,0,0,0,0,0,0,0,0,0.0,0,0,116,VCT,VCT01,VCT0103,0,13.1530388,-61.21170044,f9135cfd-e697-4db5-bce0-c3cf8696a4d9,Saint Vincent & the Grenadines,St. Vincent,West Kingstown,HURRICANE,Kingstown,29/10/2010
0,0,0,8,93,0,0,0,0,0,0,0,0,0.0,0,0,117,VCT,VCT01,VCT0108,0,13.18646811,-61.25427246,6c6f8c6d-0844-4206-ba69-d43d9fbbb271,Saint Vincent & the Grenadines,St. Vincent,South Leeward,HURRICANE,"Campden Park, Lowmans (LD), Ottley Hall",29/10/2010
0,0,0,0,22,0,0,0,0,0,0,0,0,0.0,0,0,118,VCT,VCT01,VCT0102,0,13.13030426,-61.171875,b6604f31-b15e-4122-be35-af039741385e,Saint Vincent & the Grenadines,St. Vincent,East St. George,HURRICANE,"Calliaqua, Brighton, Villa, South Wood, Glen, Prospect, ",29/10/2010
0,0,0,0,1,0,0,0,0,0,0,0,0,0.0,0,0,132,VCT,VCT01,VCT0111,0,13.25598643,-61.1416626,6ae9fac4-a1fd-4a60-8e8c-80c3227e80d7,Saint Vincent & the Grenadines,St. Vincent,North Central Windward,LANDSLIDE,South Rivers,3/7/2010
0,0,0,4,85,0,0,0,0,0,0,0,0,0.0,0,0,119,VCT,VCT01,VCT0109,0,13.24529259,-61.12792969,56ed18ea-42d7-472a-833d-c5126465643c,Saint Vincent & the Grenadines,St. Vincent,South Central Windward,HURRICANE,"Lauders,",29/10/2010
0,0,0,6,28,0,0,0,0,0,0,0,0,0.0,0,0,120,VCT,VCT01,VCT0106,0,13.15437606,-61.1567688,ca44b66b-e44e-487b-bd70-0f4d6213efa6,Saint Vincent & the Grenadines,St. Vincent,South Windward,HURRICANE,"Calder, Calder Ridge, Stubbs",29/10/2010
0,0,0,2,46,0,0,0,0,0,0,0,0,0.0,0,0,121,VCT,VCT01,VCT0105,0,13.13431639,-61.19247437,47739d17-0062-4633-af60-772f9afdd32c,Saint Vincent & the Grenadines,St. Vincent,West St. George,HURRICANE,"Belmont, Cedars, Gomea, Glen, Pilgrim Hill, Unity Estate",29/10/2010
0,0,0,4,65,0,0,0,0,0,0,0,0,0.0,0,49,122,VCT,VCT01,VCT0107,0,13.20919743,-61.16981506,14a4ea48-7ce8-4e79-8ffe-1b86e4128bab,Saint Vincent & the Grenadines,St. Vincent,Marriaqua,HURRICANE,"Hopewell, Mesopotamia, La Croix, Carrierre, Evesham, Gomea,",29/10/2010
0,0,0,1,9,0,0,0,0,0,0,0,0,0.0,0,0,390,VCT,VCT01,VCT0110,0,13.2192244010243,-61.2652587890625,8579e295-ee57-4c78-a512-fc67f4f4eeb4,Saint Vincent & the Grenadines,St. Vincent,Central Leeward,FLOOD,"Buccament, Layou, Barrouille",18/8/2008
0,0,0,0,2,0,0,0,0,0,0,0,0,0.0,0,0,403,VCT,VCT01,VCT0113,0,13.33350266,-61.12724304,49bc5c26-f07f-437c-a986-ac5e968642ea,Saint Vincent & the Grenadines,St. Vincent,North Windward,RAINS,Langley Park,5/12/2005
0,0,0,0,4,0,0,0,0,0,0,0,0,0.0,0,0,391,VCT,VCT01,VCT0112,0,13.29207465,-61.23504639,cd57f47e-3c57-4e53-9be3-fd588a36db76,Saint Vincent & the Grenadines,St. Vincent,North Leeward,FLOOD,"Rose Hall, Dark View, Spring Village",18/8/2008
0,0,0,1,1,0,0,0,0,0,0,0,0,0.0,0,0,392,VCT,VCT01,VCT0104,0,0.0,0.0,d6d06162-2a55-4eb8-824b-d771051b23e3,Saint Vincent & the Grenadines,St. Vincent,Central Kingstown,HURRICANE,,29/10/2010
0,0,0,0,63,0,0,0,0,0,0,0,0,0.0,0,0,393,VCT,VCT01,VCT0101,0,13.15571331,-61.2171936,fbb11fff-d4ce-456d-9f26-5b078c113f01,Saint Vincent & the Grenadines,St. Vincent,East Kingstown,HURRICANE,"ane Garden, Mala & Murray Villages, Sion Hill, Kingsto",29/10/2010
0,0,0,0,2,0,0,0,0,0,0,0,0,0.0,0,0,394,VCT,VCT27,,0,12.7207260194209,-61.3421630859375,4f54acaa-1732-4831-8940-bf6c7b30e249,Saint Vincent & the Grenadines,Canouan,,FLOOD,next to fisheries,5/12/2005
0,1,0,2,4,0,0,0,0,0,0,0,0,0.0,0,0,395,VCT,VCT01,VCT0112,0,13.29875707,-61.21856689,75af0128-6341-4739-9c84-754d2009bad4,Saint Vincent & the Grenadines,St. Vincent,North Leeward,LANDSLIDE,"Dark View, Rose Bank Gordon Yard, Spring Village, Troumaca,",5/12/2005
0,1,0,2,43,0,0,0,0,0,0,0,0,0.0,0,0,396,VCT,VCT01,VCT0108,0,13.18914226,-61.25152588,74e4d726-0412-4e04-bb78-b1c9dc9ebd6e,Saint Vincent & the Grenadines,St. Vincent,South Leeward,LANDSLIDE,"Lowmans, Great House, Campden Park, Questrelles, Buccament",5/12/2005
0,0,0,2,27,0,0,0,0,0,0,0,0,0.0,0,0,397,VCT,VCT01,VCT0103,0,13.1623994627741,-61.2322998046875,de8544bf-62ea-436a-af6a-8634393aeaab,Saint Vincent & the Grenadines,St. Vincent,West Kingstown,FLOOD,"New Montrose, Edinboro, Gibson Corner, Lowmans Ottley Hall",5/12/2005
0,0,0,0,0,0,0,0,0,0,0,1,0,0.0,0,0,124,VCT,VCT01,VCT0104,0,13.14902697,-61.21032715,8b2ef13b-4d56-47b6-8b04-dee69f1c6373,Saint Vincent & the Grenadines,St. Vincent,Central Kingstown,FLOOD,"Kingstown, MC Hospital",29/12/2013
0,0,0,0,0,0,0,0,0,0,0,0,0,0.0,0,0,125,VCT,VCT01,,4,13.32548489,-61.01806641,0a92dc83-d2e4-453c-8aac-0eb7a01c2298,Saint Vincent & the Grenadines,St. Vincent,,OTHER,Rough seas fishing boat sunk,27/1/2009
0,0,0,0,0,0,0,0,0,0,0,0,0,0.0,0,0,138,VCT,VCT01,,0,13.27870927,-61.24603271,d8071240-4856-4265-af86-a8fc9392eb0e,Saint Vincent & the Grenadines,St. Vincent,,LANDSLIDE,"Glenside Mesopatamia M.  Chateaubelair, N Leeward",1/5/2011
0,0,0,0,0,0,0,0,0,106400,284090,0,0,0.0,0,0,126,VCT,VCT01,,0,0.0,0.0,5a8c8de7-e778-41f6-b465-04a0cb57481c,Saint Vincent & the Grenadines,St. Vincent,,RAINS,National- Heavy Rains July-Aug,3/7/2010
0,0,0,0,1,0,0,0,0,0,0,0,0,0.0,0,0,127,VCT,VCT01,VCT0109,0,13.24930284,-61.13204956,4f51f41e-0c82-46eb-affc-38a30d87ed53,Saint Vincent & the Grenadines,St. Vincent,South Central Windward,LANDSLIDE,North Union,3/7/2010
0,0,0,1,1,4,0,0,0,0,84700,0,0,0.0,0,0,128,VCT,VCT01,VCT0107,0,13.22657725,-61.17736816,d4eaba4f-e10d-4bd4-9b75-8b2650e9ad68,Saint Vincent & the Grenadines,St. Vincent,Marriaqua,LANDSLIDE,"Glenside, Mesopotamia",3/7/2010
0,0,0,0,5,0,0,0,0,0,0,0,0,0.0,0,0,129,VCT,VCT01,VCT0108,0,13.19449046,-61.25152588,ef0f6e2a-d0c7-4bf8-bbc9-fd2601e4e85b,Saint Vincent & the Grenadines,St. Vincent,South Leeward,LANDSLIDE,"Campden Park, Questelles, Chauncy",3/7/2010
0,0,0,0,4,0,0,0,0,0,0,0,0,0.0,0,0,130,VCT,VCT01,VCT0105,0,13.13565375,-61.18286133,76984cb3-aaa0-431c-b7ac-252e4365f0ff,Saint Vincent & the Grenadines,St. Vincent,West St. George,LANDSLIDE,"Dauphine, Arnos Vale, Fountain Road, Belair",3/7/2010
0,0,0,1,2,0,0,0,0,0,0,0,0,0.0,0,0,131,VCT,VCT01,VCT0112,0,13.29207465,-61.22955322,2ea13b8a-ab46-41c8-8993-d13464ee6378,Saint Vincent & the Grenadines,St. Vincent,North Leeward,LANDSLIDE,"Rose Bank Dark View, Coulls Hill, Rose Hall, Chateaublair",3/7/2010
0,0,0,1,5,0,0,0,0,0,0,0,0,0.0,0,0,133,VCT,VCT01,VCT0110,0,13.2399455,-61.26800537,6fbfcdd4-0d11-4522-9997-fe6307f6d365,Saint Vincent & the Grenadines,St. Vincent,Central Leeward,LANDSLIDE,"Keartons Flat, Troumaca/Belle Isle, Barrouallie, Layou",3/7/2010
0,0,0,0,4,0,0,0,0,0,0,0,0,0.0,0,0,134,VCT,VCT01,VCT0102,0,13.15705055,-61.16363525,81d7cd6e-5b47-4e11-81df-205cb21dcc13,Saint Vincent & the Grenadines,St. Vincent,East St. George,LANDSLIDE,"Harmony Hall, Ribishi, Glen Housing Scheme, Villa",3/7/2010
0,0,0,1,1,0,0,0,0,0,0,0,0,0.0,0,0,135,VCT,VCT01,VCT0105,0,13.13832845,-61.19659424,3133342e-0903-4a7b-b498-e17d6b25f2e9,Saint Vincent & the Grenadines,St. Vincent,West St. George,LANDSLIDE,"Arnos Vale, Georgie Gutter Belair",3/7/2010
0,0,0,0,5,0,0,0,0,0,0,0,0,0.0,0,0,136,VCT,VCT01,,0,13.1530388,-61.21307373,d3478a70-8b0a-41a8-8c24-c5cb44087d4f,Saint Vincent & the Grenadines,St. Vincent,,LANDSLIDE,"Kingstown, New Montrose, Fenton Mt. Lowmans Leeward, K. Hill",3/7/2010
0,0,0,0,16,0,0,0,0,0,0,0,0,0.0,0,0,137,VCT,VCT24,,0,13.01258603,-61.23641968,9218e926-143d-49cb-8213-99c06c7ea542,Saint Vincent & the Grenadines,Bequia,,LANDSLIDE,"Broad Rd. Paget Farms, Pretoria,Friendship, Spring Est. Unio",1/5/2011
0,0,0,1,6,0,0,0,0,0,0,0,0,0.0,0,0,140,VCT,VCT01,VCT0105,0,13.14167179,-61.18492126,9754dcd0-5d92-4059-9fe2-8a40170f2ca3,Saint Vincent & the Grenadines,St. Vincent,West St. George,LANDSLIDE,"Arnos Vale, Belair, Fountain, Dauphine, Kelbourney, ...",1/8/2011
0,0,0,0,0,0,0,0,0,0,0,0,0,0.0,0,0,142,VCT,VCT01,,0,13.15437606,-61.20483398,07455767-ba56-4e43-8104-0a9e20d2fae3,Saint Vincent & the Grenadines,St. Vincent,,COASTAL FLOOD,Kingstown & East St. George - TS Omar,14/10/2008
0,0,0,0,0,0,0,0,0,0,0,1,0,0.0,0,0,143,VCT,VCT01,VCT0110,0,13.24529259,-61.2789917,db5a9bac-93c5-4593-8041-49eb8158ad1e,Saint Vincent & the Grenadines,St. Vincent,Central Leeward,COASTAL FLOOD,Central Leeward -TS Omar,14/10/2008
0,0,0,0,0,0,0,0,0,0,0,0,0,0.0,0,0,144,VCT,,,0,12.73010293,-61.3243103,e9645534-0890-46bd-9d60-5a88bcf2744a,Saint Vincent & the Grenadines,,,COASTAL FLOOD,The Grenadines N&S- TS OMAR,14/10/2008
0,0,0,0,0,0,0,0,0,0,0,0,0,0.0,0,0,169,VCT,VCT01,VCT0113,0,13.32548489,-61.12518311,4fc96c33-376e-4931-91fa-4bb0274a8a0a,Saint Vincent & the Grenadines,St. Vincent,North Windward,HURRICANE,"Owai, Fancy, Gorse, Byera, Sandy Bay",3/8/1980
4,23,0,0,0,0,0,0,0,0,0,0,0,0.0,0,0,170,VCT,VCT01,VCT0105,4,13.14635239,-61.17324829,207dff16-b2ae-43e8-986a-393430e01c0f,Saint Vincent & the Grenadines,St. Vincent,West St. George,ACCIDENT,Cesson Hill,16/9/1980
0,0,0,0,0,0,0,0,0,0,0,0,0,0.0,0,0,172,VCT,VCT01,VCT0112,0,13.2813824,-61.24191284,a0644e3d-b26e-45e0-8770-16bcaac891c2,Saint Vincent & the Grenadines,St. Vincent,North Leeward,FLOOD,"Belmont, Richmond, Cumberland, Spring Village",7/10/1980
0,0,0,0,0,0,0,0,0,0,0,0,0,0.0,0,0,174,VCT,VCT01,VCT0108,0,13.17643979,-61.24465942,32f255d1-ac71-4a36-a275-48047a354500,Saint Vincent & the Grenadines,St. Vincent,South Leeward,FLOOD,"Penniston, Vermont",7/10/1980
0,0,0,0,0,0,0,0,0,0,0,0,0,0.0,0,0,175,VCT,VCT01,VCT0113,0,13.34552881,-61.13479614,c266971c-267f-4fd0-af36-c06c73d2db58,Saint Vincent & the Grenadines,St. Vincent,North Windward,FLOOD,"Rabacca River, Owai, Georgetown, Gorse",7/10/1980
0,0,0,0,0,0,0,0,0,0,0,15,0,0.0,0,0,176,VCT,VCT01,,0,13.15638193,-61.21788025,0cfe48c2-7074-4710-9336-e84fb63ebfb9,Saint Vincent & the Grenadines,St. Vincent,,OTHER,"Kingstown, Edinboro to Frenches",7/10/1980
0,0,0,0,0,0,0,0,0,0,0,0,0,0.0,0,0,184,VCT,,,4,0.0,0.0,9a655007-a818-4c21-a008-6354c9a38c7e,Saint Vincent & the Grenadines,,,OTHER,Other - S.V. Palmira sinks,0/0/1675
0,0,0,0,0,0,0,0,0,0,0,0,0,0.0,0,0,185,VCT,VCT01,,0,13.15437606,-61.2020874,2c7c3ae4-a4a1-45e6-9532-0af3bfe80432,Saint Vincent & the Grenadines,St. Vincent,,EPIDEMIC,National -Yellow Fever,0/1/1852
0,0,0,0,0,0,0,0,0,0,0,0,0,0.0,0,0,186,VCT,VCT01,,0,0.0,0.0,320f3b8f-a562-4429-a401-2b68f48d265d,Saint Vincent & the Grenadines,St. Vincent,,EPIDEMIC,National - Small Pox,0/0/1849
2000,0,0,0,0,0,0,0,0,0,0,0,0,0.0,0,0,187,VCT,VCT01,,0,13.14902697,-61.19934082,73edcaaa-4b5b-4c18-8d92-3e83e5c49d47,Saint Vincent & the Grenadines,St. Vincent,,EPIDEMIC,National -Cholera,0/0/1854
0,0,0,0,0,0,0,0,0,0,0,0,0,0.0,0,0,189,VCT,VCT01,,4,0.0,0.0,e26b64aa-7648-45eb-80a3-074cfc23de1e,Saint Vincent & the Grenadines,St. Vincent,,STORM,National- TS,0/0/1819
0,0,0,0,0,0,0,0,0,0,0,0,0,0.0,0,0,190,VCT,VCT01,,0,0.0,0.0,c8b89742-62ee-4832-82fb-827a08e1b470,Saint Vincent & the Grenadines,St. Vincent,,HURRICANE,National- Hurricane,11/8/1831
0,0,0,0,30,0,0,0,0,0,0,0,0,0.0,0,0,307,VCT,VCT01,VCT0110,0,13.23326147,-61.27075195,3fc88897-d4f1-443b-a50e-c756b379fef4,Saint Vincent & the Grenadines,St. Vincent,Central Leeward,LANDSLIDE,Gibson's Corner,23/10/1998
0,0,0,0,0,0,0,0,0,0,0,0,0,0.0,0,0,308,VCT,,,4,0.0,0.0,213aee59-b26f-42c8-a627-5ab976f666c4,Saint Vincent & the Grenadines,,,BIOLOGICAL,National - Conjunctivitis outbreak,0/11/1998
0,0,0,0,0,0,0,0,0,0,0,0,0,0.0,0,0,311,VCT,VCT01,VCT0104,0,13.15705055,-61.21582031,9c08f0ff-80e1-4b0e-bb06-b77439eada28,Saint Vincent & the Grenadines,St. Vincent,Central Kingstown,COASTAL EROSION,Kingstown city,15/11/1999
0,0,0,9,5,45,0,0,0,0,0,0,0,0.0,0,0,312,VCT,VCT01,VCT0112,0,13.29073815,-61.2487793,9884f6a4-fdc9-4a7b-a2f6-277fd4e7012d,Saint Vincent & the Grenadines,St. Vincent,North Leeward,COASTAL FLOOD,"Dark View, Rose Bank",15/11/1999
0,0,0,0,0,0,0,0,0,0,0,0,0,0.0,0,0,313,VCT,VCT01,VCT0110,0,0.0,0.0,4047493b-a128-42c7-b3b4-59f5938f39fc,Saint Vincent & the Grenadines,St. Vincent,Central Leeward,COASTAL EROSION,Layou,15/11/1999
0,0,0,0,0,0,0,0,0,0,0,1,0,0.0,0,0,314,VCT,VCT01,VCT0112,0,13.29341115,-61.12380981,07d6e473-d8cb-4506-9caa-a72d52cb1ac6,Saint Vincent & the Grenadines,St. Vincent,North Leeward,STORM,Georgetown,15/11/1999
0,23,0,0,0,0,0,0,0,0,0,0,0,0.0,0,0,315,VCT,VCT01,VCT0105,4,13.15972502,-61.18972778,c77714f2-c5ae-4854-b7c0-bcc39e6ef3b4,Saint Vincent & the Grenadines,St. Vincent,West St. George,ACCIDENT,Fairbain Pasture Rd.,19/12/1999
0,0,0,0,0,0,0,0,0,0,0,0,0,0.0,0,0,229,VCT,VCT01,VCT0108,0,13.1851310229559,-61.2350463867188,c0892c8e-c9d3-4b45-a628-4aab2e304963,Saint Vincent & the Grenadines,St. Vincent,South Leeward,FLOOD,Vermont & Chauncy,26/9/1986
0,0,0,0,0,0,0,0,0,0,0,0,0,0.0,0,0,230,VCT,VCT01,VCT0105,0,13.14902697,-61.17874146,b40113fe-9c19-405a-9f01-e70c5fe919b9,Saint Vincent & the Grenadines,St. Vincent,West St. George,FLOOD,"Gomea, Belair & Green Hill",26/9/1986
0,0,0,0,0,0,0,0,0,0,0,0,0,0.0,0,0,231,VCT,VCT01,VCT0112,0,13.2980888338507,-61.2288665771484,8026aef3-9d9f-43ee-b607-252939d4993e,Saint Vincent & the Grenadines,St. Vincent,North Leeward,FLOOD,"Chateaubelair, Fitz Hughs, Richmond",26/9/1986
0,0,0,0,0,0,0,0,0,0,0,0,0,0.0,0,0,232,VCT,VCT19,,0,12.88142494,-61.18011475,e96d868a-6eb9-48fc-895a-f21d7f48a4cb,Saint Vincent & the Grenadines,Mustique,,STORM,Mustique - TS. Emily,21/9/1987
0,0,0,0,0,0,0,0,0,0,0,0,0,0.0,0,0,233,VCT,VCT01,,0,13.15437606,-61.21032715,30e357a5-3e75-4317-a0e1-35fc35031513,Saint Vincent & the Grenadines,St. Vincent,,STORM,"Kingstown: City, Bay Streey, Edinborough, Bottom Town",21/9/1987
0,0,0,0,0,0,0,0,0,0,0,0,0,0.0,0,0,234,VCT,VCT01,VCT0108,0,13.20050706,-61.25770569,ead8e1e9-3372-4d16-bb84-dacc240ee076,Saint Vincent & the Grenadines,St. Vincent,South Leeward,STORM,Layou - TS Emily,21/9/1987
0,0,0,0,0,0,0,0,0,0,0,0,0,0.0,0,0,235,VCT,VCT01,VCT0106,0,13.18914226,-61.15264893,9e163d7a-8e78-47e3-887c-f305016a7156,Saint Vincent & the Grenadines,St. Vincent,South Windward,STORM,"Calder, Baibou - TS Emily",21/9/1987
0,0,0,0,0,0,0,0,0,0,0,0,0,0.0,0,0,236,VCT,VCT01,,0,13.15170153,-61.16912842,f9a09f48-bd0b-4c19-9273-21140473f768,Saint Vincent & the Grenadines,St. Vincent,,STORM,"St. George: Calliaqua, Gomea, Villa - TS Emily",21/9/1987
0,0,0,0,0,0,0,0,0,0,0,0,0,0.0,0,0,237,VCT,VCT01,VCT0113,0,13.32281224,-61.12518311,6fcae613-2e9c-4fda-b188-c93b008622cb,Saint Vincent & the Grenadines,St. Vincent,North Windward,STORM,Sandy Bay - TS Emily,21/9/1987
0,0,4,0,0,0,0,0,0,0,0,0,0,0.0,0,0,238,VCT,VCT26,,4,12.60281537,-61.43829346,7e24b539-33c2-419d-b0c1-899bf59c5b7f,Saint Vincent & the Grenadines,Union Island,,OTHER,Union Island- Missing Vessel,24/7/1988
0,0,0,0,0,0,0,0,0,0,0,0,0,0.0,0,0,239,VCT,VCT01,VCT0105,4,13.14300911,-61.19865417,51d99d78-df02-404d-b3a4-b23cccaa8ef1,Saint Vincent & the Grenadines,St. Vincent,West St. George,LANDSLIDE,"Mala Village, Arnos Vale",22/8/1988
0,0,0,0,0,0,0,0,0,0,0,0,0,0.0,0,0,240,VCT,VCT01,,0,0.0,0.0,30209201-e018-4c5b-8fdd-f5a7219be3b0,Saint Vincent & the Grenadines,St. Vincent,,BIOLOGICAL,National - Pink locust E-SW St. V,15/10/1988
0,0,0,0,0,0,0,0,0,0,0,0,0,0.0,0,0,241,VCT,,,0,12.7260843,-61.32843018,196d9e33-576e-4d5d-abe4-2066fa742ae0,Saint Vincent & the Grenadines,,,BIOLOGICAL,"Grenadines -Bequia, Canouan Mustique, Union Island - Locust",15/10/1988
1,0,0,0,0,3,0,0,0,0,0,0,0,0.0,0,0,242,VCT,VCT01,VCT0106,0,13.19850154,-61.14440918,a5a09cfd-15a1-48ab-ae64-fdc7fee4f1cd,Saint Vincent & the Grenadines,St. Vincent,South Windward,LANDSLIDE,Between Victoria Village and Calder,22/10/1988
0,0,0,0,0,0,0,0,0,0,0,0,0,0.0,0,0,162,VCT,VCT01,VCT0112,4,13.29006989,-61.24259949,2a30ff6e-2fe9-48d2-8ea2-04d3ced96c7e,Saint Vincent & the Grenadines,St. Vincent,North Leeward,FLOOD,"Fitz Hughs,",0/10/1979
0,0,0,0,0,0,0,0,0,0,0,0,0,0.0,0,0,163,VCT,VCT01,VCT0109,0,13.2359351,-61.13342285,84600e77-783b-4005-8d7a-fce136fc2cdc,Saint Vincent & the Grenadines,St. Vincent,South Central Windward,HURRICANE,Lowmans WD,3/8/1980
0,0,0,0,0,0,0,0,0,0,0,0,0,0.0,0,0,164,VCT,VCT01,VCT0112,0,13.28271896,-61.25015259,5f450361-8b64-4d7c-9620-c4c6a8f525ff,Saint Vincent & the Grenadines,St. Vincent,North Leeward,HURRICANE,"Chateaubelair, Willibou",3/8/1980
0,0,0,0,0,0,0,0,0,0,0,0,1,0.0,0,0,165,VCT,VCT01,VCT0104,0,13.14367777,-61.19659424,3f68ac4f-d2b6-4b29-a2e8-c168cfb8c7b3,Saint Vincent & the Grenadines,St. Vincent,Central Kingstown,HURRICANE,"Kingstown, Cane Garden",3/8/1980
0,0,0,0,0,0,0,0,0,0,0,1,0,0.0,0,0,166,VCT,VCT01,VCT0108,0,13.18513102,-61.25839233,dfa472f3-00bf-4c00-bd8c-c3bd54f78b2f,Saint Vincent & the Grenadines,St. Vincent,South Leeward,HURRICANE,"Clare Valley, Campden Park",3/8/1980
0,0,0,0,0,0,0,0,0,0,125000,0,0,0.0,0,0,167,VCT,VCT24,,0,13.00455775,-61.23779297,d0a1c1e8-3c2a-4031-9310-0a1c81f078d0,Saint Vincent & the Grenadines,Bequia,,HURRICANE,Lower Bay,3/8/1980
4,13,0,0,0,17,0,0,0,0,0,0,0,0.0,0,0,168,VCT,VCT01,VCT0104,4,13.13832845,-61.19384766,158506e3-8b63-4bee-a332-fcc3156d185d,Saint Vincent & the Grenadines,St. Vincent,Central Kingstown,ACCIDENT,Leeward Highway,20/8/1980
0,0,0,0,0,0,0,0,0,0,0,0,0,0.0,0,0,191,VCT,VCT01,,0,0.0,0.0,63f4c0bf-b2fe-4814-8fb1-f3adaae4a616,Saint Vincent & the Grenadines,St. Vincent,,HURRICANE,National - Hurricane,9/9/1875
4,0,0,0,0,2000,0,0,0,0,0,0,0,0.0,0,0,192,VCT,,,0,13.1543760554185,-61.1993408203125,f9b8ae07-fdf7-4866-89d0-8581600ec7f3,Saint Vincent & the Grenadines,,,HURRICANE,National - Hurricane,16/8/1886
1,0,0,0,0,0,0,0,0,0,0,0,0,0.0,0,0,193,VCT,VCT26,,4,12.5974545,-61.44378662,61e9388e-531e-489c-a744-2272f7263a8c,Saint Vincent & the Grenadines,Union Island,,THUNDERSTORM,Union ISl. _ Lightning,17/6/1887
0,0,0,0,0,0,0,0,0,0,0,0,0,0.0,0,0,196,VCT,VCT01,,4,0.0,0.0,2e7f381b-4d5b-44b5-8bab-338f1e67133e,Saint Vincent & the Grenadines,St. Vincent,,EARTHQUAKE,National - Earthquake,23/12/1816
0,0,0,0,0,0,0,0,0,0,0,0,0,0.0,0,0,197,VCT,VCT01,VCT0112,0,13.35621823,-61.171875,6c795bb7-5239-4256-8ce7-9e70e2c80af0,Saint Vincent & the Grenadines,St. Vincent,North Leeward,ERUPTION,Soufriere Volcano,0/0/1880
0,1,0,0,1,2,0,0,0,0,0,0,0,0.0,0,0,198,VCT,VCT01,VCT0104,4,13.15504468,-61.22131348,d02560ab-b484-4f80-8545-7257958c8124,Saint Vincent & the Grenadines,St. Vincent,Central Kingstown,THUNDERSTORM,Gunn Hill,23/7/1979
0,0,0,0,0,0,0,0,0,0,0,0,0,0.0,0,0,273,VCT,VCT01,VCT0110,0,13.2078604705255,-61.270751953125,c8c64f95-0681-4da4-a022-c518d108945a,Saint Vincent & the Grenadines,St. Vincent,Central Leeward,COASTAL FLOOD,Layou,3/8/1980
0,0,0,0,0,650,0,0,0,0,0,0,0,0.0,0,0,216,VCT,VCT19,,4,12.87874746,-61.18560791,696cb68b-e1c1-45bc-b4cc-70abec730f56,Saint Vincent & the Grenadines,Mustique,,ACCIDENT,Lansecoy Bay,8/1/1971
0,0,0,0,0,2,0,0,0,0,0,0,0,0.0,0,0,217,VCT,VCT01,VCT0105,4,13.13966579,-61.19934082,0b5b24e5-62e9-4eb5-830b-7ee82af3ab2d,Saint Vincent & the Grenadines,St. Vincent,West St. George,ACCIDENT,Arnos Vale Airport,8/11/1984
0,0,0,0,0,0,0,0,0,0,0,0,0,0.0,0,18,218,VCT,VCT24,,0,13.00455775,-61.24603271,79efe5c1-f3e7-4da0-93cb-08731f1f044b,Saint Vincent & the Grenadines,Bequia,,COASTAL FLOOD," Port Elizabeth, Hamilton, Belmont, Paget Farm",9/11/1984
0,0,0,0,0,0,0,0,0,0,0,0,0,0.0,0,0,219,VCT,,,0,0.0,0.0,0f194df8-1224-4dd9-b24b-6890457d9d58,Saint Vincent & the Grenadines,,,BIOLOGICAL,National - Moko Disease,23/10/1985
0,0,0,0,0,0,0,0,0,0,0,0,0,0.0,0,0,220,VCT,VCT19,,4,12.87606996,-61.19659424,43fd1786-1181-47aa-b965-d4b6dcaacaaa,Saint Vincent & the Grenadines,Mustique,,ACCIDENT,Off Mustique - Cruise ship aground,7/11/1985
0,0,13,0,0,0,0,0,0,0,0,0,0,0.0,0,0,221,VCT,VCT01,VCT0105,4,13.1336477,-61.21101379,da6c3ee3-5e92-4f0e-8b4a-72c4fed68ca3,Saint Vincent & the Grenadines,St. Vincent,West St. George,ACCIDENT,Plane Crash off Arnos Vale airport,3/8/1986
1,0,0,0,0,0,0,0,0,0,0,0,0,0.0,0,0,222,VCT,VCT01,VCT0105,0,13.1369911055075,-61.2020874023438,6dee83db-f623-4e14-b159-a69c4de9d2cf,Saint Vincent & the Grenadines,St. Vincent,West St. George,EXPLOSION,Arnos Vale ,1/8/1986
0,0,0,0,0,0,0,0,0,0,0,0,0,0.0,0,0,260,VCT,VCT01,VCT0109,0,13.2553180782265,-61.1251831054688,5ee59d1e-5f41-4011-b7da-16750fd346d7,Saint Vincent & the Grenadines,St. Vincent,South Central Windward,LANDSLIDE,"Byera Hill, Cedars",20/11/1991
0,0,0,0,0,0,0,0,0,0,0,0,0,0.0,0,0,261,VCT,VCT01,VCT0104,0,13.15972502,-61.21856689,3aaa4524-4c15-4c55-af28-37fb7815a46d,Saint Vincent & the Grenadines,St. Vincent,Central Kingstown,FLOOD,Kingstown,20/11/1991
3,2,0,0,0,0,0,0,0,0,0,0,0,0.0,0,0,262,VCT,VCT01,VCT0106,0,13.18780519,-61.15196228,21ee04e7-8be8-4c5e-aa12-dab6a458e140,Saint Vincent & the Grenadines,St. Vincent,South Windward,FLASH FLOOD,Hopewell River,23/11/1992
0,0,0,0,0,0,0,0,0,0,0,0,0,0.0,0,0,264,VCT,VCT01,VCT0105,0,13.14367777,-61.20346069,2e80e0fd-60cd-41fa-8e47-18301884625e,Saint Vincent & the Grenadines,St. Vincent,West St. George,FLASH FLOOD,"ETJ Airport, Arnos Vale",23/11/1992
0,0,0,0,0,40,300,0,0,0,0,0,0,0.0,0,0,265,VCT,VCT01,VCT0104,4,13.15972502,-61.22268677,590a3780-2f08-467e-8e7a-2420007a6626,Saint Vincent & the Grenadines,St. Vincent,Central Kingstown,BIOLOGICAL,Chicken Pox outbreak at Prison,1/3/1992
1,0,0,0,0,4,0,0,0,0,0,0,0,0.0,0,0,266,VCT,VCT01,VCT0105,4,13.13966579,-61.20414734,9161e31a-db4c-45b5-bb12-32862204597a,Saint Vincent & the Grenadines,St. Vincent,West St. George,FLASH FLOOD,"Fountain, Arnos Vale ",21/9/1992
3,0,0,0,0,80,0,0,0,0,0,0,0,0.0,0,0,267,VCT,,,0,0.0,0.0,9a8a34d0-b21d-42f9-8e47-c2a2ad5f871c,Saint Vincent & the Grenadines,,,STORM,National- Storm,10/7/1897
0,0,0,0,0,0,0,0,0,0,0,0,0,0.0,0,0,322,VCT,VCT01,VCT0111,0,13.2599965,-61.12174988,480eb825-d6e3-4375-8d4b-1926b0545102,Saint Vincent & the Grenadines,St. Vincent,North Central Windward,STORM,"Byera, Georgetown, Chester Cottage, Colonarie",23/9/2002
0,0,0,0,0,0,0,0,0,0,0,1,0,0.0,0,0,323,VCT,VCT01,VCT0107,0,13.21120286,-61.17530823,b28282ba-1d7a-430e-a057-006d9e2e7a7e,Saint Vincent & the Grenadines,St. Vincent,Marriaqua,STORM,Marriaqua ,23/9/2002
0,0,0,0,0,0,0,0,0,0,0,0,0,0.0,0,0,324,VCT,VCT01,VCT0104,0,13.16239946,-61.22955322,e2730ac8-67c2-450d-ba8c-de62d85a553c,Saint Vincent & the Grenadines,St. Vincent,Central Kingstown,STORM,"Rockies, Rose Place",23/9/2002
0,0,0,0,0,0,0,0,0,0,0,0,0,0.0,0,0,325,VCT,VCT01,VCT0110,0,13.22390351,-61.27349854,4606277a-654e-4dd1-98e7-b1ee2fe088d5,Saint Vincent & the Grenadines,St. Vincent,Central Leeward,STORM,"Layou, Baroquille - TS Lili",23/9/2002
0,0,0,0,0,0,0,0,0,0,0,0,0,0.0,0,0,327,VCT,VCT01,VCT0102,0,13.13966579,-61.19110107,033bbe65-c547-4889-aa4e-67ae5056ce52,Saint Vincent & the Grenadines,St. Vincent,East St. George,STORM,Glen,23/9/2002
0,0,0,0,0,0,0,0,0,0,0,0,0,0.0,0,0,243,VCT,VCT01,VCT0105,0,13.13565375,-61.18286133,6201071a-f155-43e6-b66f-d955ca013e12,Saint Vincent & the Grenadines,St. Vincent,West St. George,FLOOD,Arnos Vale Airport and environs,24/10/1988
0,0,0,0,20,0,0,0,0,0,0,0,0,0.0,0,0,244,VCT,VCT24,,0,13.01526207,-61.24053955,322af9e9-ac7b-4732-a233-590984641cb8,Saint Vincent & the Grenadines,Bequia,,LANDSLIDE,Broad Rd in Paget Farm,30/12/1988
0,0,0,0,0,0,0,0,0,0,0,0,0,0.0,0,0,245,VCT,VCT01,VCT0104,4,13.15638193,-61.2247467,259d168b-0f29-4565-97ae-13710d16bc74,Saint Vincent & the Grenadines,St. Vincent,Central Kingstown,FIRE,Bay Street,7/7/1989
0,1,0,0,0,4,0,0,0,0,0,0,0,0.0,0,0,246,VCT,VCT01,VCT0105,4,13.14033446,-61.20414734,c768bf71-9971-4878-a4fc-587b8d64cfa9,Saint Vincent & the Grenadines,St. Vincent,West St. George,OTHER,"ET J Airport, Arnos Vale - sm Plane crash",16/7/1989
1,0,0,0,0,5,0,0,0,0,0,0,0,0.0,0,0,247,VCT,VCT01,VCT0110,4,13.20384955,-61.25358582,66548be4-3e4d-4221-897f-3a5f2ca602ee,Saint Vincent & the Grenadines,St. Vincent,Central Leeward,LANDSLIDE,Layou mountains,12/11/1989
2,0,0,0,0,0,0,0,0,0,0,0,0,0.0,0,0,248,VCT,VCT26,,4,12.60549576,-61.43829346,5db152f6-1244-455e-b035-d91819d0c00f,Saint Vincent & the Grenadines,Union Island,,ACCIDENT,"Union Isl. airport, Clifton",19/7/1990
0,0,0,12,0,72,0,0,0,0,0,0,0,0.0,0,0,249,VCT,VCT01,VCT0111,4,13.2499712,-61.12586975,c7ec25ec-0587-4dac-b7a1-289f8735a5ed,Saint Vincent & the Grenadines,St. Vincent,North Central Windward,FLOOD,"Colonarie, South Rivers",10/10/1990
95,0,0,0,0,0,0,0,0,0,0,0,0,0.0,0,0,335,VCT,,,0,12.9885004,-61.24603271,ba2f9c0f-3033-425a-93e8-b823227d5ed7,Saint Vincent & the Grenadines,,,HURRICANE,The Grenadines - H. Janet,23/9/1955
0,0,0,2,8,11,0,0,0,0,0,0,0,0.0,0,0,336,VCT,VCT01,VCT0111,0,13.2479661,-61.11968994,00b4f844-70db-4d95-baa2-0db088ed6622,Saint Vincent & the Grenadines,St. Vincent,North Central Windward,LANDSLIDE,Byera Flat,17/11/2004
0,0,0,0,0,0,0,0,0,0,0,0,0,0.0,0,0,337,VCT,VCT01,VCT0104,4,13.15571331,-61.21032715,550cea07-6180-42de-9167-68056ca44425,Saint Vincent & the Grenadines,St. Vincent,Central Kingstown,LANDSLIDE,Redemption Sharpes,23/11/2004
0,0,0,1,0,0,0,0,0,0,0,0,0,0.0,0,0,338,VCT,VCT01,VCT0107,0,13.2178875,-61.18423462,e4bd2374-3060-4c35-bec7-0c4f350fcfd8,Saint Vincent & the Grenadines,St. Vincent,Marriaqua,LANDSLIDE,"Marriaqua, Mt. Pleasant, Majorca Mts.",17/11/2004
0,0,15,0,0,0,0,0,0,0,0,0,0,0.0,0,0,339,VCT,VCT01,,4,0.0,0.0,669c1518-40f6-49cc-aaa6-cc8c01b10694,Saint Vincent & the Grenadines,St. Vincent,,OTHER,"SVG, St. Maarten, Santo Domingo",6/12/2004
0,0,0,0,0,0,0,0,0,0,0,0,0,0.0,0,0,340,VCT,,,4,0.0,0.0,5cc6df26-e261-49f7-a64a-a6797fce0f82,Saint Vincent & the Grenadines,,,BIOLOGICAL,National - HIV AIDS,0/0/1984
0,14,0,0,0,14,0,0,0,0,0,0,0,0.0,0,0,341,VCT,VCT01,VCT0111,4,13.2399455,-61.13067627,713bbd26-2c6b-4215-a61f-672e5da312be,Saint Vincent & the Grenadines,St. Vincent,North Central Windward,ACCIDENT,Brownstown,28/3/2005
0,0,0,0,0,0,0,0,0,0,0,0,0,0.0,0,0,277,VCT,VCT01,VCT0112,0,13.26266984,-61.12586975,16b594c4-25bf-4a60-9ab2-d6690465a85d,Saint Vincent & the Grenadines,St. Vincent,North Leeward,STORM,"South Rivers, Park Hill",8/9/1986
0,0,0,0,0,0,0,0,0,0,0,0,0,0.0,0,0,278,VCT,VCT01,VCT0111,0,13.23125622,-61.15882874,4dc39504-e592-4b23-9740-a3d5a5901a55,Saint Vincent & the Grenadines,St. Vincent,North Central Windward,LANDSLIDE,South Rivers HEP Station,20/9/1986
0,0,0,0,0,0,0,0,0,0,0,0,0,0.0,0,0,279,VCT,VCT01,VCT0111,0,13.25732313,-61.13616943,09c91834-70a4-4373-a635-e678c134a366,Saint Vincent & the Grenadines,St. Vincent,North Central Windward,FLOOD,South Rivers,26/9/1986
0,0,0,0,0,0,0,0,0,0,0,0,0,0.0,0,0,280,VCT,VCT01,VCT0104,0,13.15571331,-61.22406006,1dfac048-8fbb-463b-9424-c4bd11355e58,Saint Vincent & the Grenadines,St. Vincent,Central Kingstown,FLOOD,Kingstown City,24/10/1988
0,0,0,0,0,0,0,0,0,0,0,0,0,0.0,0,0,281,VCT,VCT01,VCT0107,0,13.22991938,-61.16638184,a50ba473-5082-4244-a362-8948504d1f4f,Saint Vincent & the Grenadines,St. Vincent,Marriaqua,FLOOD,Richland Park,20/11/1991
0,0,0,0,0,0,0,0,0,0,0,0,0,0.0,0,0,282,VCT,VCT01,VCT0110,0,13.19382194,-61.26457214,c64f78b5-f0cb-4632-869e-a1faad6f8d90,Saint Vincent & the Grenadines,St. Vincent,Central Leeward,FLOOD,Buccament,23/11/1992
0,0,0,0,0,0,0,0,0,0,0,0,0,0.0,0,0,283,VCT,,,4,0.0,0.0,e5cefd83-90f1-4c45-a400-09f8dc858387,Saint Vincent & the Grenadines,,,BIOLOGICAL,National - Parvo Virus in dogs,0/7/1993
0,0,3,0,0,0,0,0,0,0,0,0,0,0.0,0,0,328,VCT,VCT27,,4,12.69393294,-61.34765625,019c0ac2-f81f-405e-a80d-23e10861ef0f,Saint Vincent & the Grenadines,Canouan,,OTHER,Missing aircraft,18/5/2003
0,0,5,0,0,0,0,0,0,0,0,0,0,0.0,0,0,329,VCT,,,4,0.0,0.0,6b659c44-da20-490a-858d-090e3e2eafa3,Saint Vincent & the Grenadines,,,OTHER,MV Clifton Bay missing ,26/11/2003
0,0,0,0,0,3,0,0,0,0,0,0,0,0.0,0,0,330,VCT,VCT01,VCT0105,4,13.14635239,-61.22131348,838d25b7-eccf-4da2-948d-891ab10f5ad8,Saint Vincent & the Grenadines,St. Vincent,West St. George,ACCIDENT,"ETJ Airport, Arnos Vale",0/7/2004
0,0,0,0,0,0,0,0,0,0,0,0,0,0.0,0,0,331,VCT,VCT01,VCT0105,0,13.14568373,-61.21444702,8113c4c8-433a-4523-9197-1fa3a3c08a27,Saint Vincent & the Grenadines,St. Vincent,West St. George,FLOOD,"ETJ Airport, Arnos Vale",4/8/2004
0,0,0,0,0,23,350,0,0,0,0,0,0,0.0,0,0,332,VCT,VCT01,VCT0104,4,13.15838779,-61.22062683,760f4a0f-13b3-48ad-8e12-50148c2ba152,Saint Vincent & the Grenadines,St. Vincent,Central Kingstown,BIOLOGICAL,Prison - Chickenpox Outbreak,6/11/2004
0,0,0,0,0,231,0,0,0,0,0,0,0,0.0,0,0,333,VCT,VCT01,,4,0.0,0.0,3ddad135-964a-4425-affc-be90e772fcb7,Saint Vincent & the Grenadines,St. Vincent,,BIOLOGICAL,Chicken Pox outbreak,0/0/2003
0,0,0,0,0,0,0,0,0,0,0,0,0,0.0,0,0,334,VCT,VCT01,VCT0106,0,13.16106225,-61.15264893,7aabec72-b76d-45d1-b1cc-133e1b14b832,Saint Vincent & the Grenadines,St. Vincent,South Windward,LANDSLIDE,"Yambou, Argyle",4/8/2004
0,0,0,0,2,0,0,0,0,0,0,0,0,0.0,0,0,250,VCT,VCT01,VCT0104,4,13.16106225,-61.22131348,7503cf1a-a2e2-40bd-9b08-0971114358d4,Saint Vincent & the Grenadines,St. Vincent,Central Kingstown,FIRE,Upper Middle Street,4/2/1991
0,0,0,0,0,300,0,0,0,0,0,0,0,0.0,0,0,251,VCT,VCT01,,0,0.0,0.0,41ee0a38-2d21-44f1-85f8-0430fd6b7830,Saint Vincent & the Grenadines,St. Vincent,,BIOLOGICAL,National - Gastroenteritis Outbreak,0/5/1991
0,0,0,1,0,0,0,0,0,0,0,0,0,0.0,0,0,252,VCT,VCT01,,4,0.0,0.0,225a2c8c-dfdf-4a82-898a-73bda98aa9fb,Saint Vincent & the Grenadines,St. Vincent,,FLASH FLOOD,Long Wall,26/8/1991
0,0,0,0,3,14,0,0,0,0,0,0,0,0.0,0,0,254,VCT,VCT01,,0,0.0,0.0,58bbcf51-db73-47cd-aea3-279499ffd981,Saint Vincent & the Grenadines,St. Vincent,,FLOOD,National - Torrential Rain,6/9/2014
0,0,0,0,0,0,0,0,0,0,0,0,0,0.0,0,0,257,VCT,VCT01,VCT0112,0,13.280714123074,-61.2494659423828,ce2ed23d-bf1e-487b-8b50-6a6f6fc1b314,Saint Vincent & the Grenadines,St. Vincent,North Leeward,LANDSLIDE,"Spring, Chateaubelair",20/11/1991
0,0,0,0,0,0,0,0,0,0,0,0,0,0.0,0,0,258,VCT,VCT01,VCT0106,0,13.1851310229559,-61.14990234375,d0df6301-9545-46df-ac39-a23ff2d582a5,Saint Vincent & the Grenadines,St. Vincent,South Windward,LANDSLIDE,Argyle,20/11/1991
0,0,0,1,0,0,0,0,0,0,0,0,0,0.0,0,0,259,VCT,VCT01,VCT0109,0,13.23192464,-61.16775513,0c17f63c-8a6a-4878-bc88-c16bafe38235,Saint Vincent & the Grenadines,St. Vincent,South Central Windward,FLOOD,"Walters Village, Greiggs",20/11/1991
0,0,0,0,0,0,0,0,0,0,0,0,0,0.0,0,0,199,VCT,VCT01,,0,0.0,0.0,175c45d9-7be4-4fab-81a1-c095cf96c48d,Saint Vincent & the Grenadines,St. Vincent,,HURRICANE,National - H. David,28/8/1970
0,0,0,0,0,0,0,0,0,0,0,0,0,0.0,0,0,201,VCT,VCT01,VCT0113,0,13.3308301,-61.12792969,26deb2df-6bfa-4979-b237-2e73afd6f24d,Saint Vincent & the Grenadines,St. Vincent,North Windward,HURRICANE,"Gorse, Byera, Sandy Bay - H. David",28/8/1979
0,0,0,0,0,0,0,0,0,0,0,0,0,0.0,0,0,202,VCT,VCT01,VCT0103,4,13.13431639,-61.19247437,9b872cc9-2c1b-467e-9140-a4a85848e352,Saint Vincent & the Grenadines,St. Vincent,West Kingstown,OTHER,Arnos Vale Airport,22/12/1980
0,0,0,4,2,38,0,0,0,0,0,0,0,0.0,0,0,203,VCT,VCT01,VCT0104,4,13.14902697,-61.21032715,e2d53ac4-ac37-4bd5-b7bd-2b935e0d4546,Saint Vincent & the Grenadines,St. Vincent,Central Kingstown,FIRE,"Middle Street, Kingstown",10/1/1981
0,0,0,0,0,0,0,0,0,0,0,0,0,0.0,0,0,204,VCT,VCT01,,0,0.0,0.0,e1687bc8-df42-46b3-b521-608105498e9b,Saint Vincent & the Grenadines,St. Vincent,,FLOOD,National ,2/5/1981
0,1,0,0,0,0,2800,0,0,0,0,0,0,0.0,0,0,205,VCT,VCT24,,4,13.00723387,-61.24053955,05c45f07-1471-4104-95c5-986fa5ff7557,Saint Vincent & the Grenadines,Bequia,,FIRE,Bequia,22/8/1981
0,1,0,1,0,5,0,0,0,0,0,0,0,0.0,0,0,206,VCT,VCT01,VCT0104,4,13.16039364,-61.21994019,80f19491-07e9-4b77-ace2-0047ad7c6dd9,Saint Vincent & the Grenadines,St. Vincent,Central Kingstown,LANDSLIDE,"Kingstown, Upper Edinboro",28/12/1981
6,0,0,0,0,6,0,0,0,0,0,0,0,0.0,0,0,208,VCT,VCT01,VCT0113,4,13.36957933,-61.17462158,9212c88d-08d7-4d22-93bd-aba6d4dcacaa,Saint Vincent & the Grenadines,St. Vincent,North Windward,ACCIDENT,North slope Soufriere - plane crash,20/8/1982
0,0,0,0,0,0,0,0,0,0,0,0,0,0.0,0,0,209,VCT,VCT01,VCT0113,4,13.29341115,-61.12518311,b0e9b5e9-8036-4364-ab31-2adce239f1b7,Saint Vincent & the Grenadines,St. Vincent,North Windward,BIOLOGICAL,Georgetown - Sour mouth,20/7/1981
0,0,0,0,0,0,0,0,0,0,0,0,0,0.0,0,0,211,VCT,VCT01,VCT0113,0,13.362898869408,-61.1396026611328,a997304c-3d06-47f6-ac6b-617d86181b0e,Saint Vincent & the Grenadines,St. Vincent,North Windward,LANDSLIDE,"Fancy, Owai",1/1/1982
0,0,0,0,0,0,0,0,0,0,1000000,0,0,0.0,0,0,212,VCT,VCT01,VCT0109,0,13.22122975,-61.13891602,9e1b9043-7a02-462d-945c-35a6b67ae6ac,Saint Vincent & the Grenadines,St. Vincent,South Central Windward,FLOOD,Diamonds,1/1/1982
0,0,0,0,0,0,0,0,0,0,0,0,0,0.0,0,0,213,VCT,VCT01,,0,0.0,0.0,eb60a476-53ff-4639-8f22-f56fbf9d9cdf,Saint Vincent & the Grenadines,St. Vincent,,EARTHQUAKE,National,20/1/1982
0,0,0,0,0,0,0,0,0,0,0,0,0,0.0,0,0,214,VCT,VCT01,,4,13.18111972,-61.2487793,a19fb0e0-d991-4700-8def-ded1aaf6ef26,Saint Vincent & the Grenadines,St. Vincent,,BIOLOGICAL,National -Lumpy Jaw disease,0/8/1983
0,0,0,0,0,100,0,0,0,0,0,0,0,0.0,0,0,215,VCT,VCT01,VCT0104,4,13.13565375,-61.19934082,2c146287-b58f-4bb6-a82c-1717971a02de,Saint Vincent & the Grenadines,St. Vincent,Central Kingstown,FIRE,"Kingstown, Bay & Middle Street",12/3/1983
205,0,0,0,0,30000,40000,0,0,0,0,0,0,0.0,0,0,268,VCT,,,0,0.0,0.0,1c2a47f4-c832-4306-a1bb-f91e87ee567c,Saint Vincent & the Grenadines,,,HURRICANE,National - Hurricane,23/9/1898
0,0,0,0,0,0,0,0,0,0,0,0,0,0.0,0,0,269,VCT,,,0,0.0,0.0,95388d8e-d03a-4f2f-b551-02ae417e6240,Saint Vincent & the Grenadines,,,STORM,National- SW Gale,20/8/1901
0,0,0,0,0,0,0,0,0,0,0,0,0,0.0,0,0,276,VCT,VCT01,VCT0113,0,13.29875707,-61.1265564,d38d2054-c90c-403d-b8d2-7289497e6cc1,Saint Vincent & the Grenadines,St. Vincent,North Windward,FLOOD,Orange Hill,8/9/1986
0,0,0,0,0,0,0,0,0,0,0,0,0,0.0,0,0,284,VCT,VCT01,VCT0108,4,13.17510265,-61.24397278,5b0f3420-c7b1-4479-94f3-733da79e5fe2,Saint Vincent & the Grenadines,St. Vincent,South Leeward,FLASH FLOOD,Campden Park,13/9/1993
1,4,0,0,0,0,0,0,0,0,0,0,0,0.0,0,0,285,VCT,VCT01,VCT0113,4,13.33684331,-61.16638184,52c1c2ef-66ed-4703-9e55-962bf1fc661b,Saint Vincent & the Grenadines,St. Vincent,North Windward,ACCIDENT,Soufriere,7/4/1993
0,0,0,0,0,0,0,0,0,0,0,0,0,0.0,0,0,286,VCT,,,0,0.0,0.0,0cefeb14-cfcb-42f1-84cf-c1e9bc0aef55,Saint Vincent & the Grenadines,,,DROUGHT,National- Agricultural Drought,0/6/1994
3,4,0,0,0,0,0,0,0,0,0,0,0,0.0,0,0,287,VCT,VCT01,VCT0109,4,13.19449046,-61.14303589,2e35558d-e354-4b43-a18a-f3ccc2d91a39,Saint Vincent & the Grenadines,St. Vincent,South Central Windward,ACCIDENT,San Sousi,4/7/1994
3,0,0,0,0,0,0,0,0,0,0,0,0,0.0,0,0,288,VCT,VCT01,VCT0105,4,13.14768968,-61.18766785,d1276fdf-6312-48cb-9c9b-6e45355f8d94,Saint Vincent & the Grenadines,St. Vincent,West St. George,ACCIDENT,"Ashburton, Arnos Vale Airport",25/11/1994
0,0,0,0,0,0,0,0,0,0,0,0,0,0.0,0,0,289,VCT,,,0,0.0,0.0,e71f0b5f-6583-4943-9ff6-7c6fc3415d3f,Saint Vincent & the Grenadines,,,OTHER,National - Tropical Wave,3/8/1995
0,0,0,0,0,0,0,0,0,0,0,0,0,0.0,0,0,290,VCT,VCT01,VCT0104,0,13.15838779,-61.22268677,df5274a6-aaa4-4e10-be68-8fd6073c74f8,Saint Vincent & the Grenadines,St. Vincent,Central Kingstown,COASTAL FLOOD,"Little Tokyo, Fish Market",25/8/1995
0,0,4,0,0,0,0,0,0,0,0,0,0,0.0,0,0,297,VCT,,,4,13.13966579,-61.24053955,0bda8655-48b2-476d-9131-d2885e7ff0d5,Saint Vincent & the Grenadines,,,OTHER,Grenadines,4/5/1996
0,0,0,0,0,0,0,0,0,0,0,0,0,0.0,0,0,316,VCT,VCT01,VCT0102,4,13.14100313,-61.17118835,852fffbf-8b53-44de-b201-24e87be81f5f,Saint Vincent & the Grenadines,St. Vincent,East St. George,BIOLOGICAL,National - Tropical Bont Tick,28/9/2000
0,0,0,0,0,0,0,0,0,0,0,0,0,0.0,0,0,317,VCT,VCT01,VCT0105,4,13.14635239,-61.21994019,7db0a743-318e-401c-9306-197a08e467b6,Saint Vincent & the Grenadines,St. Vincent,West St. George,FLOOD,"ETJ Airport, South coast",29/11/2004
0,0,0,0,0,0,0,0,0,0,0,0,0,0.0,0,0,318,VCT,VCT01,,0,0.0,0.0,805cdd26-1b85-4c9c-9fea-0f01b43f00a4,Saint Vincent & the Grenadines,St. Vincent,,STORM,National - TS Chantal / tropical depression,24/8/2001
4,0,0,0,0,0,0,0,0,0,0,0,0,0.0,0,0,319,VCT,VCT01,VCT0110,0,13.2439558308761,-61.2748718261719,162d2db5-707d-46ed-a4ba-09da6e7725c8,Saint Vincent & the Grenadines,St. Vincent,Central Leeward,EXPLOSION,,12/2/2002
0,0,0,0,0,2500,0,0,0,0,0,0,0,0.0,0,0,320,VCT,VCT01,,4,0.0,0.0,d8f0563d-27ce-4e23-ae86-a504e70be047,Saint Vincent & the Grenadines,St. Vincent,,BIOLOGICAL,"National - Scalp ringworm. Cedars, Chateaubelair, Calliaqua",0/3/2002
0,0,0,0,0,0,0,0,0,0,0,1,0,0.0,0,0,321,VCT,VCT01,VCT0108,0,13.18847372,-61.2638855,77cd4cbc-9e86-416a-b7fc-307c39fdc5ef,Saint Vincent & the Grenadines,St. Vincent,South Leeward,STORM,"Questelles, Ottley Hall - TS Lili",23/9/2002
0,0,0,0,0,0,0,0,0,0,0,0,0,0.0,0,0,291,VCT,VCT24,,0,0.0,0.0,92ea4e62-979c-4b90-b8b0-7532c9f51b15,Saint Vincent & the Grenadines,Bequia,,COASTAL FLOOD,Bequia,25/8/1995
0,0,0,0,0,0,0,0,0,0,0,0,0,0.0,0,0,292,VCT,VCT01,VCT0108,0,13.1730969305136,-61.2460327148438,e5092974-daaa-4864-a413-27fec8ce0ec6,Saint Vincent & the Grenadines,St. Vincent,South Leeward,COASTAL FLOOD,"Clare Valley, Ottley Hall Marina",25/8/1995
0,0,0,0,0,0,0,0,0,0,0,0,0,0.0,0,0,293,VCT,VCT01,VCT0110,0,13.21187133,-61.26937866,57102410-e37d-4115-9072-465899bc311b,Saint Vincent & the Grenadines,St. Vincent,Central Leeward,COASTAL FLOOD,Layou,25/8/1995
0,0,0,0,0,0,0,0,0,0,0,0,0,0.0,0,0,294,VCT,VCT01,VCT0105,0,0.0,0.0,0dc35670-957a-4bc7-9ccf-19326f715628,Saint Vincent & the Grenadines,St. Vincent,West St. George,COASTAL FLOOD,"Young Island, Villa",25/8/1995
0,0,0,0,0,0,0,0,0,0,0,0,0,0.0,0,0,295,VCT,VCT01,,0,13.2198928510412,-61.1636352539063,86cf508a-9144-4876-9c7c-e5a57df40336,Saint Vincent & the Grenadines,St. Vincent,,FLOOD,Windward - Biabou,25/8/1995
0,0,0,0,0,9,0,0,0,0,0,0,0,0.0,0,0,296,VCT,VCT01,VCT0105,4,13.14768968,-61.21582031,edc79bd9-9a51-4fc2-a9b8-860134cd401b,Saint Vincent & the Grenadines,St. Vincent,West St. George,ACCIDENT,ETJ Emergency Landing,14/2/1996
0,0,0,0,0,0,0,0,0,0,0,0,0,0.0,0,0,298,VCT,VCT01,VCT0105,4,13.14568373,-61.21101379,d9db1933-8f17-465c-b959-8f2405375193,Saint Vincent & the Grenadines,St. Vincent,West St. George,ACCIDENT,"ETJ Airport, Arnos Vale",17/7/1996
0,0,7,0,0,0,0,0,0,0,0,0,0,0.0,0,0,342,VCT,VCT27,,4,12.73680051,-61.33117676,37a4a7e8-9204-4426-b2cb-fa7662c058d6,Saint Vincent & the Grenadines,Canouan,,OTHER,Missing power boat,27/3/2005
0,0,0,0,11,0,0,0,0,0,0,0,0,0.0,0,0,343,VCT,VCT01,VCT0108,4,13.17710836,-61.24191284,84dc244b-cc5e-4122-aa96-fb760c19a3a2,Saint Vincent & the Grenadines,St. Vincent,South Leeward,LANDSLIDE,"Lowmans, Great House area",4/6/2005
0,0,0,8,33,0,0,0,52,0,0,11,1,0.0,0,0,345,VCT,,,0,0.0,0.0,7cbeb374-42fb-48ba-b794-41dc56e734d5,Saint Vincent & the Grenadines,,,LANDSLIDE,National - TD # 27,13/11/2005
0,0,0,1,0,0,0,0,0,0,0,0,0,0.0,0,0,346,VCT,VCT01,VCT0113,0,13.32013956,-61.12243652,4ef8a8dd-d40c-4602-be0a-48c73b95eddc,Saint Vincent & the Grenadines,St. Vincent,North Windward,LANDSLIDE,TD#27,13/11/2005
0,2,0,1,0,0,0,0,0,0,0,0,0,0.0,0,0,347,VCT,VCT01,VCT0112,0,13.28405551,-61.24328613,ec8dc559-c9a7-41a4-8cdd-d42ca5fd01a5,Saint Vincent & the Grenadines,St. Vincent,North Leeward,LANDSLIDE,"Dark View, Chateaubelair, Coulls Hill - TD#27",14/11/2005
0,0,0,0,0,0,20000,0,0,0,0,0,0,0.0,0,0,348,VCT,VCT01,VCT0107,0,13.18780519,-61.18286133,458614f5-2bb7-4638-95dd-bd56a19ea1f7,Saint Vincent & the Grenadines,St. Vincent,Marriaqua,OTHER,"Marriaqua area, S. Windward, St. George -Dry Spell",0/5/2006
0,0,0,0,0,0,15000,0,0,0,0,0,0,0.0,0,0,349,VCT,VCT01,VCT0112,0,13.29073815,-61.22131348,503bb8fd-9736-491c-a72c-e713296451dd,Saint Vincent & the Grenadines,St. Vincent,North Leeward,OTHER,North Leeward - Dry Spell,0/5/2006
0,1,0,0,1,0,0,0,0,32600,85500,0,0,0.0,0,0,350,VCT,VCT01,VCT0101,0,13.15705055,-61.2171936,d3a43500-fa7b-4151-98aa-252d12b19c64,Saint Vincent & the Grenadines,St. Vincent,East Kingstown,THUNDERSTORM,"Sion Hill, ETJ Airport & Goat Rock",13/6/2006
0,0,0,0,0,0,0,0,0,0,0,0,0,0.0,0,0,351,VCT,VCT01,VCT0104,4,13.15838779,-61.22680664,9aaf48ba-a3ae-4f8b-8aed-4ba282f5c8ca,Saint Vincent & the Grenadines,St. Vincent,Central Kingstown,FIRE,Kingstown,21/7/2006
2,0,0,0,0,0,0,0,0,0,0,0,0,0.0,0,0,352,VCT,VCT01,VCT0105,4,13.14367777,-61.21582031,d1dc57e2-1540-40b4-842a-1f8f45220258,Saint Vincent & the Grenadines,St. Vincent,West St. George,ACCIDENT,Grenadines  & ETJ Airport- Plane missing,9/11/2014
0,0,0,0,0,0,0,0,0,0,0,0,0,0.0,0,0,353,VCT,VCT01,VCT0107,0,13.20384955,-61.18148804,406b11ee-2e78-45ed-9704-7bf8eda12e9f,Saint Vincent & the Grenadines,St. Vincent,Marriaqua,OTHER,National - Dry Spell- Montreal Dam Argyle-Retho Mills,0/5/2007
0,0,0,0,0,0,0,0,0,0,0,0,0,0.0,0,0,354,VCT,VCT01,VCT0112,0,13.28405551,-61.23092651,26c09676-a396-4ee6-af93-b994dfe3e152,Saint Vincent & the Grenadines,St. Vincent,North Leeward,OTHER,Dry Spell - Dallaway Calliqua,0/5/2007
0,0,0,0,0,0,0,0,0,0,0,0,0,0.0,0,0,355,VCT,VCT01,VCT0106,0,13.1530388,-61.14990234,490853aa-7126-4664-9066-98963e736ae6,Saint Vincent & the Grenadines,St. Vincent,South Windward,COASTAL FLOOD,Argyle - H. Dean,15/8/2007
0,1,0,0,0,3,0,0,0,0,0,0,0,0.0,0,0,356,VCT,VCT01,VCT0112,0,13.2760361,-61.25152588,d6795379-541a-4570-989c-358881ff6fec,Saint Vincent & the Grenadines,St. Vincent,North Leeward,LANDSLIDE,Troumaca Bay,12/6/2008
0,0,0,0,0,0,0,0,0,0,0,0,0,0.0,0,0,357,VCT,VCT01,VCT0105,4,13.14969561,-61.21376038,e5279065-744a-468b-bd8a-c19dbce095a6,Saint Vincent & the Grenadines,St. Vincent,West St. George,FIRE,Cane Hall,2/2/2009
0,14,0,0,0,0,0,0,0,0,0,0,0,0.0,0,0,358,VCT,VCT01,VCT0111,4,13.25598643,-61.12243652,b490836d-af17-44b7-93fd-6c7a9c96ab0d,Saint Vincent & the Grenadines,St. Vincent,North Central Windward,ACCIDENT,Byera,1/5/2009
0,0,0,0,0,2,0,0,0,0,0,0,0,0.0,0,0,359,VCT,VCT01,VCT0105,4,13.14367777,-61.21032715,87a3bddf-b41a-4391-ba1e-63fc8145adb2,Saint Vincent & the Grenadines,St. Vincent,West St. George,ACCIDENT,"ETJ Airport, Arnos Vale",1/5/2009
0,0,0,0,0,0,0,0,0,0,0,0,0,0.0,0,0,360,VCT,VCT01,VCT0108,4,13.18780519,-61.24191284,04377713-23f9-4088-b7eb-62c569a9d01c,Saint Vincent & the Grenadines,St. Vincent,South Leeward,LANDSLIDE,Rillian Village,7/7/2009
0,0,0,0,0,0,0,0,0,0,0,0,0,0.0,0,0,361,VCT,VCT01,VCT0102,4,13.13832845,-61.1869812,ef381a6e-d37d-40fa-98d3-ec68b5b0d84d,Saint Vincent & the Grenadines,St. Vincent,East St. George,LANDSLIDE,Ratho Mills,12/8/2009
0,0,0,1,0,6,0,0,0,0,0,0,0,0.0,0,0,362,VCT,VCT01,VCT0102,0,13.14234045,-61.18972778,eecee956-1964-41c0-9a3a-a3ec6b431d29,Saint Vincent & the Grenadines,St. Vincent,East St. George,LANDSLIDE,Diamond,23/11/2009
0,0,0,0,0,70,0,0,70,0,0,0,1,0.0,0,0,363,VCT,VCT01,VCT0102,4,13.14501508,-61.1869812,930fe9f5-8171-470f-85e0-688e9e9a1028,Saint Vincent & the Grenadines,St. Vincent,East St. George,FIRE,Glen - Mental Health Facility,5/1/2010
0,0,0,0,0,0,0,0,0,0,0,0,1,0.0,0,0,364,VCT,VCT01,VCT0102,4,13.14100313,-61.18835449,d951761e-2113-43f6-bcf9-b09bada9ab56,Saint Vincent & the Grenadines,St. Vincent,East St. George,FIRE,Glen - Mental Health Facility,2/8/2008
0,0,0,0,0,0,0,0,0,0,0,0,0,0.0,0,0,365,VCT,,,0,0.0,0.0,dd9eca3f-f8e6-4eff-aa09-cc3ba8f4fe70,Saint Vincent & the Grenadines,,,FOREST FIRE,National - Bush & forest fires,20/1/2010
0,0,1,0,0,0,0,0,0,0,0,0,0,0.0,0,0,366,VCT,VCT01,VCT0105,4,13.14635239,-61.21582031,344a0afa-468d-4d53-bf3f-f97183f59e09,Saint Vincent & the Grenadines,St. Vincent,West St. George,ACCIDENT,Cessner 402 missing; ETJ Airport-Mustique,8/8/2010
0,0,0,0,0,0,0,0,0,0,0,0,0,0.0,0,0,368,VCT,VCT01,VCT0113,0,13.3548820751447,-61.1347961425781,f55e7691-170b-4da8-b24e-07f7fba0608b,Saint Vincent & the Grenadines,St. Vincent,North Windward,LANDSLIDE,"Level, Sandy Bay, London Playing Field, Old SB",4/10/2010
0,0,0,10,40,101,0,0,0,0,0,2,0,0.0,0,0,369,VCT,VCT01,VCT0111,0,13.2760361,-61.13067627,f1c92dc0-ff93-48b3-8af3-11bb086b5c67,Saint Vincent & the Grenadines,St. Vincent,North Central Windward,HURRICANE,"Park Hill, Chester Cottege, Byera, Colonaire, Georgetown",29/10/2010
0,0,0,0,0,0,0,0,0,0,0,0,0,0.0,0,0,370,VCT,VCT01,VCT0109,0,13.21588212,-61.13067627,ab71d101-79b2-4153-b68d-db3a8dbc3f95,Saint Vincent & the Grenadines,St. Vincent,South Central Windward,LANDSLIDE,N & S Union,4/10/2010
0,0,0,0,1,0,0,0,0,0,0,0,0,0.0,0,0,371,VCT,,,0,12.75823158,-61.32568359,791ea9de-b0b6-442f-879f-3f9f3f7b0a3f,Saint Vincent & the Grenadines,,,HURRICANE,Grenadines - H. Tomas,29/10/2010
0,0,0,1,0,0,0,0,0,0,0,0,0,0.0,0,0,372,VCT,VCT01,VCT0113,0,13.30209821,-61.11557007,4b9492c3-6886-4db0-b84b-3248d9121bb8,Saint Vincent & the Grenadines,St. Vincent,North Windward,FLOOD,"Langley Park, Basin Hole, New Chapmans",10/4/2011
0,0,0,0,1,0,0,0,0,0,0,0,0,0.0,0,0,373,VCT,VCT01,VCT0108,0,13.17309693,-61.25152588,16469610-ba3d-43c0-910c-d0806a8ab416,Saint Vincent & the Grenadines,St. Vincent,South Leeward,FLOOD,"Questelles, Campden Park",1/8/2011
0,0,0,1,0,2,0,0,0,0,0,0,0,0.0,0,0,374,VCT,VCT01,VCT0104,0,13.15972502,-61.22680664,20c0be6e-d467-43d5-a22c-9aa3b2751e2e,Saint Vincent & the Grenadines,St. Vincent,Central Kingstown,LANDSLIDE,Sharpes,1/8/2011
0,0,0,0,0,0,0,0,0,0,0,0,0,0.0,0,0,375,VCT,VCT01,VCT0113,4,13.34820121,-61.13342285,5b19f884-4f9b-46f9-976f-2ecb704f20f1,Saint Vincent & the Grenadines,St. Vincent,North Windward,FLASH FLOOD,Sandy Bay,8/5/2012
0,0,0,1,10,0,0,0,0,0,0,0,0,0.0,0,0,398,VCT,VCT01,VCT0111,0,13.23192464,-61.25907898,b8673f03-f451-4204-9a1b-00ad43e999eb,Saint Vincent & the Grenadines,St. Vincent,North Central Windward,RAINS,Georgetown,5/12/2005
0,0,0,4,15,0,0,0,0,0,0,0,0,0.0,0,0,399,VCT,VCT01,,0,13.23326147,-61.26800537,7c4067da-3af9-4614-bd28-68630218c01b,Saint Vincent & the Grenadines,St. Vincent,,FLOOD,"Barrouallie, Layou",5/12/2005
0,0,0,1,27,0,0,0,0,0,0,0,0,0.0,0,0,400,VCT,VCT01,VCT0105,0,13.14234045,-61.18423462,0d19272a-0c09-4f23-a4d5-d2d8ac97f927,Saint Vincent & the Grenadines,St. Vincent,West St. George,FLOOD,"Fairburn Pasture, Cane Hall, Fountain, Arnos Vale, Villa",5/12/2005
0,1,0,1,54,0,0,0,0,0,0,0,0,0.0,0,0,401,VCT,VCT01,VCT0102,0,13.14501508,-61.16912842,5f3d0403-0366-40e5-8f81-62b995898f15,Saint Vincent & the Grenadines,St. Vincent,East St. George,LANDSLIDE,"Fair Hall, Glen, Diamond, Calliaqua, Brighton, Prospect",5/12/2005
0,0,0,0,3,0,0,0,0,0,0,0,0,0.0,0,0,402,VCT,VCT01,VCT0107,0,13.2138767349477,-61.1801147460938,46b250a6-6b09-4b82-8b12-0199c2419576,Saint Vincent & the Grenadines,St. Vincent,Marriaqua,LANDSLIDE,"Belmont, Glenside/ Mepso",5/12/2005
0,0,0,0,0,0,0,0,0,0,0,0,0,0.0,0,0,377,VCT,VCT01,VCT0111,4,13.25331301,-61.13067627,c1cdccda-7d1f-4652-a1ed-65282149b793,Saint Vincent & the Grenadines,St. Vincent,North Central Windward,FLOOD,Georgetown,28/11/1896
0,0,0,0,0,0,0,0,0,0,0,0,0,0.0,0,0,378,VCT,VCT01,VCT0105,4,13.15504468,-61.18011475,6fc1f91f-ba2c-4f63-a1fd-d14cd8899fee,Saint Vincent & the Grenadines,St. Vincent,West St. George,FLOOD,Warrawarrou River,0/11/1897
0,0,0,0,0,0,0,0,0,0,0,0,0,0.0,0,0,379,VCT,,,0,0.0,0.0,054b7fbc-ca79-49f9-9901-655e1376ef60,Saint Vincent & the Grenadines,,,DROUGHT,National -Drought,0/0/1887
0,0,0,0,0,0,0,0,0,0,0,0,0,0.0,0,0,381,VCT,,,0,0.0,0.0,3e908e9d-d79c-4cb6-a135-1092d729062f,Saint Vincent & the Grenadines,,,DROUGHT,National - Drought,0/0/1958
0,0,0,0,0,0,0,0,0,0,0,0,0,0.0,0,0,382,VCT,,,0,13.01526207,-61.2322998,fab480e2-8661-4610-a531-33d1957fc5a0,Saint Vincent & the Grenadines,,,TSUNAMI,National - Tsunami,18/11/1867
0,0,0,0,0,0,0,0,0,0,0,0,0,0.0,0,0,383,VCT,VCT01,VCT0107,0,13.22390351,-61.17462158,b1ceae02-e5bd-4e0d-b1b9-aad1e3dd942f,Saint Vincent & the Grenadines,St. Vincent,Marriaqua,FLASH FLOOD,Montreal Water plant,24/12/2013
0,0,0,0,0,0,0,0,0,0,0,0,0,0.0,0,0,414,VCT,,,0,0.0,0.0,01fa9183-858d-473f-83d3-bb2ecd030820,Saint Vincent & the Grenadines,,,STORM,National -TS Jerry,7/10/2001
0,0,0,0,0,23,0,0,0,0,0,1,0,0.0,0,0,384,VCT,VCT01,VCT0103,4,13.15036425,-61.23092651,d1ee4482-3d56-4c6e-9e1e-58eb40cb0e04,Saint Vincent & the Grenadines,St. Vincent,West Kingstown,LEAK,Edinboro Bay - sunken trawler,6/9/2013
0,0,0,0,5,0,0,0,0,0,0,0,0,0.0,0,0,385,VCT,VCT01,VCT0103,0,13.16239946,-61.22406006,20320729-12f7-48eb-a3d0-8c45787d38c8,Saint Vincent & the Grenadines,St. Vincent,West Kingstown,LANDSLIDE,"Largo Heights, Edinboro, Dasent Cottage",18/8/2008
0,0,0,1,6,0,0,0,0,0,0,0,0,0.0,0,0,386,VCT,VCT01,VCT0101,0,13.14902697,-61.21582031,28e242de-8f75-4f8e-9122-b2f710ab2fd4,Saint Vincent & the Grenadines,St. Vincent,East Kingstown,LANDSLIDE,"Richmond Hill, Murray's Village, Sion Hill, Roseau",18/8/2008
0,0,0,0,5,0,0,0,0,0,0,0,0,0.0,0,0,387,VCT,VCT01,VCT0105,0,13.14501508,-61.20689392,31b8f8f9-bd23-4eb4-ab02-c6873dcca266,Saint Vincent & the Grenadines,St. Vincent,West St. George,LANDSLIDE,"Dorsetshire, Arnos Vale, Gomea, Fair Hill, Belair, Fountain",18/9/2008
0,0,0,0,4,0,0,0,0,0,0,0,0,0.0,0,0,389,VCT,VCT01,VCT0106,0,13.15370743,-61.15127563,6916b2b9-3ca3-47b2-945c-60426cab44db,Saint Vincent & the Grenadines,St. Vincent,South Windward,LANDSLIDE,"Stubbs, Diamond, Reeves Level, Argyle, Peruvian Vale",18/8/2008
0,0,0,0,40,0,0,0,0,0,0,0,0,0.0,0,0,405,VCT,VCT01,VCT0104,0,13.16239946,-61.22955322,92b4cbf1-971d-467f-9251-68a89224125f,Saint Vincent & the Grenadines,St. Vincent,Central Kingstown,LANDSLIDE,Redemption Sharpes,5/12/2005
0,0,0,1,10,0,0,0,0,0,0,2,0,0.0,0,0,406,VCT,VCT01,VCT0106,0,13.14768968,-61.16363525,007dc5b0-a86b-4b6b-ae84-d4a1777ac74e,Saint Vincent & the Grenadines,St. Vincent,South Windward,LANDSLIDE,"Diamonds, Stubs, Carapan",5/12/2005
0,0,0,0,1,5,0,0,0,0,0,0,0,0.0,0,0,407,VCT,VCT01,VCT0109,0,13.20518653,-61.14440918,06714241-a623-439a-a947-87ed48988699,Saint Vincent & the Grenadines,St. Vincent,South Central Windward,FLOOD,"Greiggs, Lowmans",5/12/2005
0,0,0,0,0,0,0,0,0,0,0,0,0,0.0,0,0,409,VCT,,,0,0.0,0.0,ec85a8fc-9b1b-4e60-928f-4fc67a3cd719,Saint Vincent & the Grenadines,,,STORM,National -TS Ernesto,2/8/2012
0,0,0,9,4,0,0,0,0,0,0,0,0,0.0,0,0,410,VCT,VCT01,VCT0103,0,13.15972502,-61.22749329,445eb921-ee76-4ac9-a406-fbe823fc4e06,Saint Vincent & the Grenadines,St. Vincent,West Kingstown,THUNDERSTORM,"Ottley Hall, Lowmans, Edinboro",13/6/2006
0,0,0,1,2,0,0,0,0,0,0,0,0,0.0,0,0,411,VCT,VCT01,VCT0108,0,13.18379393,-61.24328613,82dc5b11-a1eb-41ba-8520-8fe73cb773a2,Saint Vincent & the Grenadines,St. Vincent,South Leeward,THUNDERSTORM,Clare Valley & Layou,13/6/2006
0,0,0,0,2,0,0,0,0,0,0,0,0,0.0,0,0,412,VCT,VCT01,VCT0104,0,13.15838779,-61.22268677,854e4099-512b-4e86-91cb-b0b5cc6f6627,Saint Vincent & the Grenadines,St. Vincent,Central Kingstown,THUNDERSTORM,,13/6/2006
0,0,0,0,1,0,0,0,0,0,0,0,0,0.0,0,0,413,VCT,VCT24,,0,13.00990996,-61.23092651,701dcdf8-274e-4e47-aad9-248dac0458d9,Saint Vincent & the Grenadines,Bequia,,THUNDERSTORM,Bequia,13/6/2006
